id,name,link,logo,short_description,full_description,type,status,origin,"rating (quality, stability, features, maturity)","popularity (community size, recognition, adoption)",additional_info,website,github,updated_at
1,CyanogenMod,https://aitoolbuzz.com/roms/cyanogenmod,https://aitoolbuzz.com/assets/agents/roms/logos/CyanogenMod.png,Legendary open-source Android ROM,"CyanogenMod was an open-source Android operating system developed between 2009 and 2016, forming the foundation for many modern ROMs.",AOSP,Discontinued,USA,1000,1000,Foundation of LineageOS,https://cyanogenmodroms.com/,,06-01-2026 17.06
2,GrapheneOS,https://aitoolbuzz.com/roms/grapheneos,https://aitoolbuzz.com/assets/agents/roms/logos/GrapheneOS-067dc2c8.png,Security and privacy focused Android OS,GrapheneOS is a hardened mobile operating system focused on strong privacy and security improvements while maintaining Android app compatibility.,AOSP,Active,Canada,980,820,Industry-leading security,https://grapheneos.org/,https://github.com/GrapheneOS,06-01-2026 14.58
3,Lineage OS,https://aitoolbuzz.com/roms/lineage-os,https://aitoolbuzz.com/assets/agents/roms/logos/Lineage_OS-dd013a83.png,Popular open-source Android operating system,"LineageOS is the official successor to CyanogenMod, offering a free and open-source Android operating system for a wide range of devices.",AOSP,Active,USA,960,970,Most widely used custom ROM,https://lineageos.org/,https://github.com/LineageOS,06-01-2026 17.07
4,Nethunter OS,https://aitoolbuzz.com/roms/nethunter-os,https://aitoolbuzz.com/assets/agents/roms/logos/Nethunter_OS-e0308562.png,Android-based penetration testing OS,"NetHunter OS is an Android-based penetration testing platform built on Kali Linux, designed for security research and ethical hacking.",Kali Linux-based,Active,USA,960,780,Penetration testing platform,https://www.kali.org/docs/nethunter/,,06-01-2026 14.58
5,Kali NetHunter,https://aitoolbuzz.com/roms/kali-nethunter,,Android penetration testing platform,"Kali NetHunter is an open-source Android-based penetration testing platform built on Kali Linux, developed by Offensive Security and the community since 2016.",Kali Linux-based,Active,USA,950,780,Penetration testing platform,,,06-01-2026 14.58
6,Resurrection Remix OS,https://aitoolbuzz.com/roms/resurrection-remix-os,https://aitoolbuzz.com/assets/agents/roms/logos/Resurrection_Remix_OS-396963f9.png,Legendary feature-rich Android ROM,"Resurrection Remix OS is a highly customizable Android ROM developed since 2012, combining features from multiple major ROM projects.",AOSP hybrid,Discontinued,USA,950,930,Legendary feature ROM,https://resurrectionremix.com/,https://github.com/ResurrectionRemix,06-01-2026 14.58
7,Paranoid Android,https://aitoolbuzz.com/roms/paranoid-android,https://aitoolbuzz.com/assets/agents/roms/logos/paranoid-android.svg,CAF-based premium Android ROM,"Paranoid Android is a CAF-based Android custom ROM developed since 2012, known for UI innovation, performance, and system polish.",CAF-based,Inactive,USA,940,900,"UI innovator, historic",https://paranoidandroid.co/,https://github.com/AOSPA,07-01-2026 1.48
8,Bliss OS x86,https://aitoolbuzz.com/roms/bliss-os-x86,,Desktop-focused Android x86 OS,Bliss OS x86 is an Android-based operating system designed for desktop and laptop computers.,Android Desktop OS,Active,USA,940,860,Desktop-focused Android,,,06-01-2026 14.58
9,MIUI,https://aitoolbuzz.com/roms/miui,https://aitoolbuzz.com/assets/agents/roms/logos/Xiaomi-miui-logo.webp,Xiaomi’s Android operating system,"MIUI is Xiaomi’s Android-based operating system for Xiaomi, Redmi, and POCO devices, started in 2010.",AOSP,Active,China,940,960,Xiaomi ecosystem,https://www.mi.com/global/miui,,06-01-2026 17.05
10,One UI,https://aitoolbuzz.com/roms/one-ui,https://aitoolbuzz.com/assets/agents/roms/logos/oneui.png,Samsung’s modern Android user interface,"One UI is Samsung’s Android user interface that succeeded Samsung Experience UX and TouchWiz, developed by Samsung Electronics and launched in 2019 with a focus on usability and one-handed interaction.",Proprietary Android UI,Active,South Korea,940,970,Samsung,https://www.samsung.com/us/apps/one-ui/,,06-01-2026 14.58
11,CrDroid,https://aitoolbuzz.com/roms/crdroid,https://aitoolbuzz.com/assets/agents/roms/logos/CrDroid-de2b75ea.png,Popular LineageOS-based custom ROM,"crDroid is a highly customizable aftermarket Android platform based on LineageOS, developed since 2014.",LineageOS-based,Active,Germany,930,950,One of the most popular,https://crdroid.net/,https://github.com/crdroidandroid,06-01-2026 14.58
12,SlimRoms,https://aitoolbuzz.com/roms/slimroms,https://aitoolbuzz.com/assets/agents/roms/logos/SlimRoms-fa03058a.png,Lightweight performance-focused Android ROM,"SlimRoms is a custom Android ROM developed since 2012, known for minimalism, speed, and efficiency.",AOSP,Discontinued,USA,920,880,Minimal ROM legend,https://slimroms.org/,https://github.com/slimroms,06-01-2026 14.58
13,PAC-ROM,https://aitoolbuzz.com/roms/pac-rom,,Hybrid Android custom ROM,"PAC-ROM combines features from Paranoid Android, AOKP, and CyanogenMod into a single custom ROM.",Hybrid (PA+AOKP+CM),Discontinued,USA,920,890,Triple-base ROM,,,06-01-2026 14.58
14,CalyxOS microG,https://aitoolbuzz.com/roms/calyxos-microg,,CalyxOS with microG services,CalyxOS microG is a privacy-focused Android operating system integrating microG instead of Google services.,AOSP + microG (Privacy),Active,USA,920,700,CalyxOS with Google-free microG,,,06-01-2026 14.58
15,Android-x86,https://aitoolbuzz.com/roms/android-x86,,Android port for x86 architecture,Android-x86 is an open-source project porting Android to x86-based PCs and laptops.,Android Port (x86),Active,Global,920,820,Android for PCs,,,06-01-2026 14.58
16,PrimeOS,https://aitoolbuzz.com/roms/primeos,,Android OS for PCs,PrimeOS is an Android-based operating system designed for desktop and laptop environments.,Android Desktop OS,Active,India,920,840,PC gaming-focused Android,,,06-01-2026 14.58
17,Waydroid ROM,https://aitoolbuzz.com/roms/waydroid-rom,,Android container-based system,Waydroid allows Android to run in a containerized environment on Linux systems.,Android Runtime,Active,Global,920,700,Android containers on Linux,,,06-01-2026 14.58
18,Google GSI A13,https://aitoolbuzz.com/roms/google-gsi-a13,,Android 13 Google GSI,Google GSI A13 is an official Android 13 Generic System Image from Google.,GSI (Google),Active,USA,920,860,Official Android 13 GSI,https://developer.android.com/about/versions/13/gsi-release-notes#downloads,,06-01-2026 14.58
19,Xiaomi.EU,https://aitoolbuzz.com/roms/xiaomi-eu,https://aitoolbuzz.com/assets/agents/roms/logos/Xiaomi_EU-8b495fb2.png,Community MIUI-based ROM,Xiaomi.EU provides community-maintained MIUI-based Android ROMs with enhancements and localization.,MIUI / HyperOS ROMs,Active,Europe,920,900,Flagship MIUI mods,https://xiaomi.eu/,,06-01-2026 14.58
20,Xiaomi HyperOS,https://aitoolbuzz.com/roms/xiaomi-hyperos,https://aitoolbuzz.com/assets/agents/roms/logos/HyperOS.webp,Xiaomi’s next-generation Android OS,"Xiaomi HyperOS is Xiaomi’s Android-based operating system for Xiaomi, Redmi, and POCO devices, succeeding MIUI and officially launched in 2023.",AOSP,Active,China,920,940,MIUI successor,https://www.mi.com/global/hyperos/,,06-01-2026 17.05
21,microG Services Core,https://aitoolbuzz.com/roms/microg-services,,Free replacement for Google services,"microG Services Core is an open-source implementation of Google Play Services APIs, designed to reduce dependency on proprietary Google components.",Google Services Alt,Active,Global,920,820,FOSS Play Services,,,06-01-2026 15.15
22,CalyxOS,https://aitoolbuzz.com/roms/calyxos,https://aitoolbuzz.com/assets/agents/roms/logos/CalyxOS-febc386f.jpg,Privacy-focused Android operating system,"CalyxOS is a privacy-first Android operating system developed by the Calyx Institute, offering secure and de-Googled Android for supported devices.",AOSP (Privacy),Active,USA,920,780,"Privacy-first, Pixel focus",https://calyxos.org/,https://github.com/CalyxOS,06-01-2026 14.58
23,eFoundation,https://aitoolbuzz.com/roms/efoundation,https://aitoolbuzz.com/assets/agents/roms/logos/eFoundation-72fd4467.jpg,Privacy-first mobile OS ecosystem,"eFoundation develops mobile operating systems, applications, and services that prioritize user privacy and digital freedom over profit.",LineageOS-based (Privacy),Active,Europe,920,760,Commercial privacy OS (Murena),https://e.foundation/,https://github.com/e-foundation,06-01-2026 14.58
24,Evolution X,https://aitoolbuzz.com/roms/evolution-x,https://aitoolbuzz.com/assets/agents/roms/logos/Evolution_X-aa171e50.png,Pixel-style ROM based on LineageOS,"Evolution X is a popular custom ROM now based on LineageOS, designed to bring Pixel-like features and customization to supported devices.",LineageOS-based,Active,Philippines,910,880,"Pixel-style, very popular",https://evolution-x.org/,https://github.com/Evolution-X,06-01-2026 14.58
25,iodéOS,https://aitoolbuzz.com/roms/iodeos,,Privacy-enhanced Android operating system,iodéOS is a privacy-focused Android operating system designed to reduce tracking and improve user data protection.,LineageOS-based (Privacy),Active,Europe,900,620,Anti-tracking focus,https://iode.tech/iodeos-en,,06-01-2026 14.58
26,Omni ROM,https://aitoolbuzz.com/roms/omni-rom,https://aitoolbuzz.com/assets/agents/roms/logos/Omni_ROM-cc4efa0a.png,Veteran open-source Android firmware,"OmniROM is an open-source Android firmware project started in 2013, known for innovation and contributions to Android recovery and ROM development.",AOSP,Active,USA,900,760,Veteran ROM (since 2013),https://omnirom.org/,https://github.com/omnirom,06-01-2026 14.58
27,Pixel Experience,https://aitoolbuzz.com/roms/pixel-experience,https://aitoolbuzz.com/assets/agents/roms/logos/Pixel_Experience-7ce0a4bd.jpg,Pixel ROM with built-in Google apps,PixelExperience is an AOSP-based ROM launched in 2017 that includes Google apps and Pixel features; it was discontinued in April 2024.,AOSP + GApps,Discontinued,Brazil,900,920,Pixel ROM standard,https://download.pixelexperience.org/,https://github.com/PixelExperience,06-01-2026 14.58
28,Replicant,https://aitoolbuzz.com/roms/replicant,,Fully free and open-source Android OS,"Replicant is a LineageOS-based Android operating system that removes proprietary components to ensure software freedom, started in 2010.",LineageOS-based (FOSS),Active,France,900,540,Fully free software,,,06-01-2026 14.58
29,YAAP (Yet Another AOSP Project),https://aitoolbuzz.com/roms/yaap,https://aitoolbuzz.com/assets/agents/roms/logos/YAAP_Yet_Another_AOSP_Project-f978ca2a.png,Clean and close-to-AOSP Android ROM,YAAP is an AOSP-based Android project focused on maintaining a clean interface and avoiding unnecessary complexity.,AOSP,Active,USA,900,760,Clean & close to stock,https://yaosp.dev/,https://github.com/yaap,06-01-2026 14.58
30,LiquidSmooth,https://aitoolbuzz.com/roms/liquidsmooth,,Smooth and polished Android ROM,"LiquidSmooth is an Android custom ROM designed to deliver a fluid, smooth, and responsive Android experience.",AOSP,Discontinued,USA,900,860,Performance legend,,,06-01-2026 14.58
31,LineageOS for microG,https://aitoolbuzz.com/roms/lineageos-microg,,LineageOS with microG integration,LineageOS for microG is a LineageOS variant that replaces Google services with microG.,LineageOS + microG,Active,Europe,900,720,Privacy-focused LOS variant,,,06-01-2026 14.58
32,Anbox OS,https://aitoolbuzz.com/roms/anbox-os,,Android runtime for Linux systems,Anbox OS enables Android applications to run on Linux systems using containerization.,Android Runtime,Active,Global,900,650,Android in Linux containers,,,06-01-2026 14.58
33,Phoenix OS,https://aitoolbuzz.com/roms/phoenix-os,,Desktop-oriented Android OS,Phoenix OS is an Android-based operating system optimized for PC-style usage.,Android Desktop OS,Active,China,900,880,PC-optimized Android,,,06-01-2026 14.58
34,Cyanogen OS (OEM version),https://aitoolbuzz.com/roms/cyanogen-os,,OEM Android OS by Cyanogen Inc.,Cyanogen OS was a commercial Android operating system developed for OEM devices by Cyanogen Inc.,Proprietary Android (OEM),Discontinued,USA,900,920,Commercial CM variant,,,06-01-2026 15.02
35,LineageOS microG CAF,https://aitoolbuzz.com/roms/lineageos-microg-caf,,LineageOS with microG and CAF,"LineageOS microG CAF combines LineageOS, microG services, and CAF optimizations.",LOS + microG + CAF,Active,Europe,900,660,Privacy + CAF optimizations,,,06-01-2026 14.58
36,Google GSI A12,https://aitoolbuzz.com/roms/google-gsi-a12,,Android 12 Google GSI,Google GSI A12 is an official Android 12 Generic System Image from Google.,GSI (Google),Active,USA,900,830,Official Android 12 GSI,https://developer.android.com/about/versions/12/gsi-release-notes#downloads,,06-01-2026 14.58
37,/e/,https://aitoolbuzz.com/roms/e-os,,Privacy-focused Android OS,"/e/ is a privacy-focused Android operating system forked from LineageOS, developed by the e Foundation since 2017.",LineageOS-based (Privacy),Active,Europe,900,760,Murena / de-Googled,,,06-01-2026 14.58
38,ColorOS,https://aitoolbuzz.com/roms/coloros,https://aitoolbuzz.com/assets/agents/roms/logos/color_os.png,OPPO and OnePlus Android OS,ColorOS is an Android-based operating system developed by OPPO for smartphones and tablets since 2013.,Proprietary Android UI,Active,China,900,900,OPPO / OnePlus,,,06-01-2026 14.58
39,EMUI,https://aitoolbuzz.com/roms/emui,,Huawei Android operating system,"EMUI is Huawei’s Android-based operating system, also known as Magic UI on Honor devices.",Proprietary Android UI,Active,China,900,900,Huawei / Honor,,,06-01-2026 14.58
40,OxygenOS,https://aitoolbuzz.com/roms/oxygenos,https://aitoolbuzz.com/assets/agents/roms/logos/OxygenOS.png,OnePlus Android operating system,"OxygenOS is an Android-based operating system for OnePlus smartphones, developed since 2015, later merged with HydrogenOS and using the ColorOS codebase from version 12 onward.",Proprietary Android OS,Active,China,900,920,OnePlus,https://www.oneplus.in/oxygenos15,,06-01-2026 14.58
41,OrangeFox Recovery,https://aitoolbuzz.com/roms/orangefox-recovery,https://aitoolbuzz.com/assets/agents/roms/logos/OrangeFox_Recovery-53229736.png,Feature-rich custom Android recovery,"OrangeFox Recovery is a popular custom Android recovery offering advanced features, bug fixes, and wide device support.",Custom Recovery,Active,Global,900,860,Feature-rich,https://orangefox.download,,06-01-2026 14.58
42,KernelSU : Kernel Based Root Solution for Android,https://aitoolbuzz.com/roms/kernelsu,https://aitoolbuzz.com/assets/agents/roms/logos/KernelSU_Kernel_Based_Root_Solution_for_Android-952271d9.png,Kernel-based Android root solution,KernelSU is a kernel-level root solution for Android that provides root access through kernel integration rather than system modification.,Root Solution,Active,Global,900,780,Kernel-level root,https://kernelsu.org,https://github.com/tiann/KernelSU,06-01-2026 14.58
43,LSPosed,https://aitoolbuzz.com/roms/lsposed,,Xposed framework replacement,"LSPosed is a modern replacement for the Xposed framework, providing runtime code modification using Magisk or Zygisk.",Framework,Active,Global,900,760,Xposed successor,,,06-01-2026 14.58
44,Zygisk,https://aitoolbuzz.com/roms/zygisk,,Magisk’s native Zygote framework,"Zygisk is Magisk’s built-in Zygote injection framework, enabling advanced module development and system modification.",Framework,Active,Global,900,780,Magisk native,,,06-01-2026 14.58
45,Dirty Unicorns,https://aitoolbuzz.com/roms/dirty-unicorns,https://aitoolbuzz.com/assets/agents/roms/logos/Dirty_Unicorns-006ca08c.jpg,Feature-rich AOSP-based Android ROM,Dirty Unicorns is an AOSP-based Android project created to enhance stock Android with advanced customization features.,AOSP,Discontinued,USA,900,880,Feature-rich legacy ROM,https://dirtyunicorns.com/,https://github.com/DirtyUnicorns,06-01-2026 14.58
46,DivestOS,https://aitoolbuzz.com/roms/divestos,https://aitoolbuzz.com/assets/agents/roms/logos/DivestOS-4abb062d.jpg,Security and privacy-focused LineageOS fork,"DivestOS is a soft fork of LineageOS emphasizing security, privacy, deblobbing, and fully open-source software, started in 2014.",LineageOS-based (Privacy),Active,USA,900,720,"Security-hardened, de-Googled, FOSS",https://divestos.org,https://github.com/divested-mobile,06-01-2026 14.58
47,Havoc OS,https://aitoolbuzz.com/roms/havoc-os,https://aitoolbuzz.com/assets/agents/roms/logos/Havoc_OS-ac9b2ba0.png,Feature-rich AOSP-based Android ROM,Havoc OS is a custom Android ROM based on AOSP that offers extensive customization options and modern Android features.,AOSP,Active,India,890,860,Feature-heavy & popular,https://havoc-os.com/,https://github.com/Havoc-OS,06-01-2026 14.58
48,PixelOS,https://aitoolbuzz.com/roms/pixelos,https://aitoolbuzz.com/assets/agents/roms/logos/PixelOS-76da3d85.png,Pixel-focused AOSP custom ROM,PixelOS is an AOSP-based Android ROM designed to deliver the best possible Pixel-style Android experience.,AOSP,Active,India,880,820,Popular Pixel ROM,https://pixelos.net/,https://github.com/PixelOS-AOSP,06-01-2026 14.58
49,Project Awaken,https://aitoolbuzz.com/roms/project-awaken,https://aitoolbuzz.com/assets/agents/roms/logos/Project_Awaken-b69dfcda.jpg,Smooth and consistent Android ROM,"Project Awaken is a custom Android ROM designed to deliver a fluent, smooth, and consistent experience with essential customizations.",AOSP,Active,India,880,740,Smooth & polished,https://awakenos.vercel.app/,https://github.com/Project-Awaken,06-01-2026 14.58
50,SparkOS,https://aitoolbuzz.com/roms/sparkos,https://aitoolbuzz.com/assets/agents/roms/logos/SparkOS-ddd793f6.png,Feature-rich AOSP-based Android ROM,"SparkOS is a custom Android ROM that blends performance, customization, and stability into a cohesive experience.",AOSP,Active,India,880,820,Feature-rich,https://www.spark-os.live/,https://github.com/Spark-Rom,06-01-2026 14.58
51,DirtyUnicorns CAF,https://aitoolbuzz.com/roms/dirtyunicorns-caf,,CAF-based Dirty Unicorns variant,"DirtyUnicorns CAF is a CAF-based variant of the Dirty Unicorns ROM, focused on hardware optimization.",CAF-based,Discontinued,USA,880,760,Optimized DU variant,,,06-01-2026 14.58
52,AOSP for microG,https://aitoolbuzz.com/roms/aosp-microg,,De-Googled AOSP with microG,AOSP for microG is a privacy-focused Android build that replaces Google services with microG.,AOSP + microG,Active,Europe,880,620,De-Googled Android,,,06-01-2026 14.58
53,GrapheneOS hardened forks (community),https://aitoolbuzz.com/roms/grapheneos-forks,,Community GrapheneOS-based forks,GrapheneOS hardened forks are community-maintained Android builds derived from GrapheneOS with security hardening.,GrapheneOS-based,Active (Community),Global,880,480,Community-maintained hardened variants,,,06-01-2026 14.58
54,LineageOS CAF,https://aitoolbuzz.com/roms/lineageos-caf,,CAF-optimized LineageOS builds,LineageOS CAF is a variant of LineageOS enhanced with CAF optimizations for supported devices.,LineageOS + CAF,Active,Global,880,760,CAF-enhanced LOS,,,06-01-2026 14.58
55,Sailfish OS (Android runtime),https://aitoolbuzz.com/roms/sailfish-os,,Mobile OS with Android runtime,Sailfish OS is a Linux-based mobile OS supporting Android apps through a compatibility layer.,Linux OS + Android runtime,Active,Finland,880,600,Android app compatibility,,,06-01-2026 14.58
56,Android S GSI,https://aitoolbuzz.com/roms/android-s-gsi,https://aitoolbuzz.com/assets/agents/roms/logos/Android_S_GSI.jpg,Android 12 generic system image,Android S GSI is a Generic System Image based on Android 12 for Treble-enabled devices.,Generic System Image,Active,Global,880,740,Android 12 GSI for Treble,,,06-01-2026 14.58
57,Google GSI A11,https://aitoolbuzz.com/roms/google-gsi-a11,,Android 11 Google GSI,Google GSI A11 is an official Android 11 Generic System Image from Google.,GSI (Google),Active,USA,880,800,Official Android 11 GSI,https://ci.android.com/builds/branches/aosp-android11-gsi/grid?,,06-01-2026 14.58
58,RevOS,https://aitoolbuzz.com/roms/revos,https://aitoolbuzz.com/assets/agents/roms/logos/RevOS-b4881f41.jpg,MIUI-based custom ROM for Xiaomi,RevOS is a MIUI-based Android custom ROM designed for Xiaomi devices.,MIUI-based ROM,Active,China,880,820,Popular MIUI mod,,,06-01-2026 14.58
59,CopperheadOS,https://aitoolbuzz.com/roms/copperheados,https://aitoolbuzz.com/assets/agents/roms/logos/CopperheadOS.webp,Security-focused Android OS,CopperheadOS is a privacy- and security-focused Android operating system developed by Copperhead Security.,AOSP (Security),Inactive,Canada,880,600,Pre-Graphene era,,https://github.com/CopperheadOS,06-01-2026 14.58
60,Fire OS,https://aitoolbuzz.com/roms/fire-os,,Amazon’s Android-based OS,"Fire OS is an Android-based operating system developed by Amazon, focused on content consumption.",Proprietary Android OS,Active,USA,880,860,Amazon ecosystem,,,06-01-2026 14.58
61,MagicOS,https://aitoolbuzz.com/roms/magicos,https://aitoolbuzz.com/assets/agents/roms/logos/MagicOS-8.jpeg,Honor’s Android operating system,MagicOS is an Android-based operating system developed by Honor after its separation from Huawei.,Proprietary Android OS,Active,China,880,860,Honor OS,,,06-01-2026 14.58
62,realme UI,https://aitoolbuzz.com/roms/realme-ui,https://aitoolbuzz.com/assets/agents/roms/logos/realme_UI.jpg,Android UI for realme devices,"realme UI is an Android-based user interface for realme devices, built on ColorOS and officially introduced in 2020.",Proprietary Android UI,Active,China,880,900,realme,https://www.realme.com/in/realme-ui,,06-01-2026 14.58
63,Arrow OS,https://aitoolbuzz.com/roms/arrow-os,https://aitoolbuzz.com/assets/agents/roms/logos/Arrow_OS-dc5d7a6f.png,Clean and battery-efficient Android ROM,Arrow OS is a simple and clean AOSP-based ROM designed to improve performance and battery life while maintaining stability.,AOSP,Active,India,880,890,"Battery-friendly, clean",https://arrowos.net/,https://github.com/arrowos,06-01-2026 14.58
64,Project Elixir,https://aitoolbuzz.com/roms/project-elixir,https://aitoolbuzz.com/assets/agents/roms/logos/Project_Elixir-6fa19aaa.png,Minimal and stock-like Android ROM,Project Elixir is a custom Android ROM that delivers a close-to-stock experience with minimal UI changes and useful customization features.,AOSP,Active,India,870,760,Minimal & stock-like,https://projectelixiros.com/home,https://github.com/Project-Elixir,06-01-2026 14.58
65,Bliss ROMs,https://aitoolbuzz.com/roms/bliss-roms,https://aitoolbuzz.com/assets/agents/roms/logos/Bliss_ROMs-fae69a77.png,Customizable Android ROM,"Bliss ROMs is an AOSP-based Android ROM offering a balance between customization, performance, and user experience.",AOSP,Active,USA,870,760,Desktop & mobile focus,https://blissroms.com/,https://github.com/BlissRoms,06-01-2026 14.58
66,PixelPlusUI,https://aitoolbuzz.com/roms/pixelplusui,https://aitoolbuzz.com/assets/agents/roms/logos/PixelPlusUI-b7851b55.png,Minimal and stable Pixel-style ROM,"PixelPlusUI is a close-to-stock Android ROM offering Pixel UI aesthetics, strong performance, and system stability.",AOSP,Active,India,860,780,Minimal & stable,https://ppui.site/home,https://github.com/PixelPlusUI-Elle,06-01-2026 14.58
67,Project Blaze,https://aitoolbuzz.com/roms/project-blaze,https://aitoolbuzz.com/assets/agents/roms/logos/Project_Blaze-4b547c86.png,Performance-optimized Android ROM,"Project Blaze is an Android custom ROM focused on enhanced performance, security, and flexible customization options.",AOSP,Active,India,860,720,Performance-focused,https://www.projectblaze.in/,https://github.com/ProjectBlaze,06-01-2026 14.58
68,Project Matrixx,https://aitoolbuzz.com/roms/project-matrixx,https://aitoolbuzz.com/assets/agents/roms/logos/Project_Matrixx-5cb7945b.png,crDroid-based custom Android ROM,"Project Matrixx is a custom Android ROM based on crDroid, adding extra features and refinements to the base platform.",crDroid-based,Active,India,860,680,Performance tuning,https://projectmatrixx.github.io/,https://github.com/ProjectMatrixx,06-01-2026 14.58
69,RiceDroid,https://aitoolbuzz.com/roms/ricedroid,https://aitoolbuzz.com/assets/agents/roms/logos/RiceDroid-90c11c04.png,Customizable Android ROM based on AOSP,RiceDroid is an Android custom ROM focused on providing extensive customization while maintaining system stability.,AOSP,Active,India,860,720,Customization-focused,,https://github.com/RiceDroid-devices,06-01-2026 14.58
70,Superior OS,https://aitoolbuzz.com/roms/superior-os,https://aitoolbuzz.com/assets/agents/roms/logos/Superior_OS-ed6f0881.png,Clean AOSP-based custom ROM,"Superior OS is an AOSP-based Android custom ROM designed to deliver a clean, smooth, and customizable Android experience.",AOSP,Active,India,860,740,Feature-packed,https://superioros.github.io/,https://github.com/SuperiorOS,06-01-2026 14.58
71,Xenon HD,https://aitoolbuzz.com/roms/xenon-hd,https://aitoolbuzz.com/assets/agents/roms/logos/Xenon_HD-af0e9c2f.png,Team Horizon’s Android custom ROM,"Xenon HD is a custom Android ROM developed by Team Horizon, supporting multiple devices with performance and stability improvements.",AOSP,Inactive,USA,860,740,Team Horizon,https://www.xenonhd.com/,https://github.com/TeamHorizon,06-01-2026 14.58
72,Gummy ROM,https://aitoolbuzz.com/roms/gummy-rom,,Veteran AOSP-based Android ROM,Gummy ROM is a long-running AOSP-based Android custom ROM known for clean design and smooth performance.,AOSP,Discontinued,USA,860,720,Early Android ROM,,https://github.com/TEAM-Gummy,06-01-2026 14.58
73,Android Go AOSP,https://aitoolbuzz.com/roms/android-go-aosp,,Lightweight Android Go builds,Android Go AOSP provides lightweight Android builds optimized for low-end hardware.,AOSP (Android Go),Active,Global,860,780,Optimized for low-end devices,,,06-01-2026 14.58
74,PostmarketOS (Android compatibility builds),https://aitoolbuzz.com/roms/postmarketos,,Linux OS with Android compatibility,PostmarketOS is a Linux-based OS offering Android compatibility layers for mobile devices.,Linux + Android compat,Active,Europe,860,520,Long-term device support,,,06-01-2026 14.58
75,Ubuntu Touch (Android HAL based),https://aitoolbuzz.com/roms/ubuntu-touch,,Linux mobile OS with Android HAL,Ubuntu Touch is a Linux-based mobile operating system using Android HAL for hardware support.,Linux OS (Android HAL),Active,Global,860,580,Community-driven mobile Linux,,,06-01-2026 14.58
76,LineageOS Go Edition,https://aitoolbuzz.com/roms/lineageos-go,,LineageOS for low-end devices,LineageOS Go Edition is optimized for low-end devices using Android Go configurations.,LineageOS (Android Go),Active,Global,860,620,LOS for low-end devices,,,06-01-2026 14.58
77,Google GSI A10,https://aitoolbuzz.com/roms/google-gsi-a10,,Android 10 Google GSI,Google GSI A10 is an official Android 10 Generic System Image from Google.,GSI (Google),Active,USA,860,780,Official Android 10 GSI,https://ci.android.com/builds/branches/aosp-android10-gsi/grid?,,06-01-2026 14.58
78,MIUI Pro,https://aitoolbuzz.com/roms/miui-pro,https://aitoolbuzz.com/assets/agents/roms/logos/MiuiPro.webp,Localized MIUI custom ROMs,MIUI Pro provides localized and optimized MIUI-based Android ROMs.,MIUI-based ROM,Active,Europe,860,760,Localized MIUI,,,06-01-2026 14.58
79,RemodedUI,https://aitoolbuzz.com/roms/remodedui,,Debloated MIUI-based Android OS,RemodedUI is an open-source MIUI-based Android OS offering a debloated system with added customization.,MIUI-based ROM,Active,Global,860,740,Debloated MIUI,,,06-01-2026 14.58
80,BharOS,https://aitoolbuzz.com/roms/bharos,https://aitoolbuzz.com/assets/agents/roms/logos/BharOS.jpg,Government-focused Android OS,BharOS is a closed-source Android-based operating system developed by IIT Madras for government and public use in India.,Proprietary Android fork,Active,India,860,620,Govt-focused OS,,,06-01-2026 14.58
81,emteria.OS,https://aitoolbuzz.com/roms/emteria-os,,Enterprise-focused Android platform,emteria.OS is a professional Android platform for enterprise and industrial devices with management and OTA support.,Enterprise Android,Active,Germany,860,540,Industrial / Pi,,,06-01-2026 14.58
82,LG UX,https://aitoolbuzz.com/roms/lg-ux,https://aitoolbuzz.com/assets/agents/roms/logos/LGUX.jpg,LG’s Android user interface,LG UX is LG Electronics’ Android UI for smartphones and tablets.,Proprietary Android UI,Discontinued,South Korea,860,820,LG devices,,,06-01-2026 14.58
83,My UX,https://aitoolbuzz.com/roms/my-ux,https://aitoolbuzz.com/assets/agents/roms/logos/myux.jpg,Motorola Android user experience,My UX is Motorola’s Android user experience layer focused on near-stock Android with useful enhancements.,Proprietary Android UI,Active,USA,860,820,Motorola UX,https://www.motorola.com/us/my-ux/,,06-01-2026 14.58
84,SHRP – Sky Hawk Recovery Project,https://aitoolbuzz.com/roms/shrp-recovery,https://aitoolbuzz.com/assets/agents/roms/logos/SHRP___Sky_Hawk_Recovery_Project-26682d38.png,Modern UI-based Android recovery,"Sky Hawk Recovery Project (SHRP) is a custom recovery inspired by modern design, extending TWRP with a rich UI and additional functionality.",Custom Recovery,Active,Global,860,740,Modern UI,https://skyhawkrecovery.github.io/,https://github.com/SHRP,06-01-2026 14.58
85,AOKP,https://aitoolbuzz.com/roms/aokp,https://aitoolbuzz.com/assets/agents/roms/logos/AOKP-8ec3330f.png,Veteran Android ROM by Team Kang,"Android Open Kang Project (AOKP) is a LineageOS-based ROM started in 2011 by Team Kang, known for deep customization options.",LineageOS-based,Discontinued,USA,860,900,Historic ROM (Team Kang),http://aokp.co/,https://github.com/AOKP,06-01-2026 14.58
86,Corvus ROM,https://aitoolbuzz.com/roms/corvus-rom,https://aitoolbuzz.com/assets/agents/roms/logos/Corvus_ROM-91c72cba.png,Performance-focused Android ROM,"Corvus ROM is an Android custom ROM designed with a focus on performance, gaming, and user experience.",AOSP,Inactive,India,860,740,Gaming-focused,,https://github.com/Corvus-AOSP,06-01-2026 16.02
87,OmniROM microG builds,https://aitoolbuzz.com/roms/omnirom-microg,,OmniROM with microG support,OmniROM microG builds are privacy-focused OmniROM variants integrating microG services.,OmniROM + microG,Active,USA,850,560,De-Googled OmniROM,,,06-01-2026 14.58
88,Project Sakura,https://aitoolbuzz.com/roms/project-sakura,https://aitoolbuzz.com/assets/agents/roms/logos/Project_Sakura-eec1bbe3.jpg,Smooth and elegant Android ROM,"Project Sakura is a custom Android ROM focused on elegance, smooth performance, and visual polish.",AOSP,Inactive,India,840,700,Elegant & smooth,https://projectsakura.xyz/,https://github.com/ProjectSakura,06-01-2026 14.58
89,GamingROM,https://aitoolbuzz.com/roms/gamingrom,,Performance-focused Android ROM for gaming,GamingROM is an Android custom ROM optimized for gaming performance and responsiveness.,AOSP (Gaming),Active,India,840,680,Performance-tuned for gaming,,,06-01-2026 15.08
90,MIUI OneOS,https://aitoolbuzz.com/roms/miui-oneos,https://aitoolbuzz.com/assets/agents/roms/logos/OneOS.webp,Feature-rich MIUI-based ROM,MIUI OneOS is a MIUI-based custom ROM for Xiaomi devices offering extensive features and customization.,MIUI-based ROM,Active,Global,840,700,Feature-rich,,,06-01-2026 14.58
91,Pitch Black Recovery Project,https://aitoolbuzz.com/roms/pitchblack-recovery,https://aitoolbuzz.com/assets/agents/roms/logos/Pitch_Black_Recovery_Project-32e2bb2d.png,Minimal and powerful Android recovery,Pitch Black Recovery Project is a custom Android recovery environment designed to provide essential utilities for device recovery and maintenance.,Custom Recovery,Active,Global,840,720,Minimal & powerful,https://pitchblackrecovery.com/,https://github.com/PitchBlackRecoveryProject,06-01-2026 14.58
92,Bootleggers ROM,https://aitoolbuzz.com/roms/bootleggers-rom,https://aitoolbuzz.com/assets/agents/roms/logos/Bootleggers_ROM-0cf8e1a1.png,Fun and feature-packed Android ROM,Bootleggers ROM is an Android custom ROM based on AOSP that combines extensive features with a playful design approach.,AOSP,Discontinued,USA,830,700,"Fun branding, feature-heavy",https://bootleggersrom.github.io/,https://github.com/BootleggersROM,06-01-2026 14.58
93,MoKee ROM,https://aitoolbuzz.com/roms/mokee-rom,https://aitoolbuzz.com/assets/agents/roms/logos/MoKee_ROM-40fac5df.png,Long-running open-source Android ROM,"MoKee ROM is an open-source Android custom ROM known for long-term development, stability, and support for a wide range of devices.",AOSP,Inactive,China,820,720,"Long-running, stable project",https://www.mokeedev.com/en/,https://github.com/MoKee,06-01-2026 22.16
94,Proton AOSP,https://aitoolbuzz.com/roms/proton-aosp,https://aitoolbuzz.com/assets/agents/roms/logos/Proton_AOSP-9e00029e.png,Minimal and privacy-aware Android ROM,"Proton AOSP is a minimal Android custom ROM that emphasizes UI/UX polish, performance, and light privacy enhancements.",AOSP,Active,India,820,560,Minimal & privacy-aware,https://protonaosp.org/,https://github.com/ProtonAOSP,06-01-2026 14.58
95,ResurrectionRemix-Revived,https://aitoolbuzz.com/roms/rr-revived,https://aitoolbuzz.com/assets/agents/roms/logos/ResurrectionRemix_Revived-5d2f543e.png,Community-maintained Resurrection Remix fork,ResurrectionRemix-Revived is an unofficial fork of Resurrection Remix focused on continuing updates and security patches.,AOSP,Active,Unknown,820,520,Community continuation,https://resurrectionremix.com/,https://github.com/ResurrectionRemix-Revived,06-01-2026 14.58
96,Shift OS,https://aitoolbuzz.com/roms/shift-os,,Android OS by SHIFT GmbH,"Shift OS is an Android operating system developed by SHIFT GmbH since 2018, focusing on sustainability and longevity.",Proprietary Android,Active,Germany,820,520,Sustainable phones,,,06-01-2026 14.58
97,SkyLineUI,https://aitoolbuzz.com/roms/skylineui,https://aitoolbuzz.com/assets/agents/roms/logos/SkyLineUI-3e72160e.png,Pixel-based ROM with curated features,"SkyLineUI is a Pixel-style Android ROM based on AOSP and PixelOS, integrating useful features from popular custom ROMs.",PixelOS-based,Active,India,820,560,Pixel ROM with extras,,https://github.com/SkylineUI,06-01-2026 14.58
98,Tequila OS,https://aitoolbuzz.com/roms/tequila-os,https://aitoolbuzz.com/assets/agents/roms/logos/Tequila_OS-93d80629.png,Experimental Android custom ROM,Tequila OS is a community-driven Android custom ROM with a playful identity and experimental development focus.,AOSP,Active,Poland,820,610,Successor to Streak,https://tequilaos.org,https://github.com/tequilaOS,06-01-2026 14.58
99,Validus OS,https://aitoolbuzz.com/roms/validus-os,https://aitoolbuzz.com/assets/agents/roms/logos/Validus_OS-e21a3dd8.jpg,Feature-rich Android custom ROM,"Validus OS is an Android custom ROM based on AOSP, known for blending performance, customization, and visual polish.",AOSP,Inactive,USA,820,680,Performance ROM,,https://github.com/ValidusOs,06-01-2026 19.09
100,WaveOS,https://aitoolbuzz.com/roms/waveos,https://aitoolbuzz.com/assets/agents/roms/logos/WaveOS-f3885950.png,Aesthetic and performance-focused AOSP ROM,"WaveOS is an AOSP-based Android custom ROM that balances visual design, functionality, and system performance.",AOSP,Active,India,820,560,Aesthetic + performance,,https://github.com/Wave-Project,06-01-2026 14.58
101,SlimLP,https://aitoolbuzz.com/roms/slimlp,,SlimRoms Android Lollipop build,SlimLP is the Android Lollipop–based release of the SlimRoms project.,SlimRoms,Discontinued,USA,820,640,Lollipop era,,,06-01-2026 14.58
102,XOSP (Extended Open Source Project),https://aitoolbuzz.com/roms/xosp,,Extended AOSP-based Android ROM,XOSP is an AOSP-based Android custom ROM offering extended features and system customization.,AOSP,Discontinued,USA,820,660,Extended features,,,06-01-2026 14.58
103,AOSP CAF,https://aitoolbuzz.com/roms/aosp-caf,,CAF-enhanced AOSP builds,AOSP CAF refers to Android Open Source Project builds enhanced with CodeAurora Forum optimizations.,AOSP + CAF,Active,USA,820,620,CAF-optimized AOSP builds,,,06-01-2026 14.58
104,NothingOS AOSP Port,https://aitoolbuzz.com/roms/nothingos-aosp-port,,NothingOS-style Android ROM,NothingOS AOSP Port adapts Nothing OS design and features to an AOSP-based ROM.,OEM UI Port,Active,UK,820,600,Nothing OS design on AOSP,,,06-01-2026 14.58
105,LineageOS Extended,https://aitoolbuzz.com/roms/lineageos-extended,https://aitoolbuzz.com/assets/agents/roms/logos/lineageos-extended-1767750794.jpg,Enhanced LineageOS-based ROM,LineageOS Extended is a LineageOS-based Android ROM with additional customization features.,AOSP,Active,India,820,540,Extra customization,,https://github.com/Los-Ext,07-01-2026 1.54
106,EliteRoms,https://aitoolbuzz.com/roms/eliteroms,https://aitoolbuzz.com/assets/agents/roms/logos/EliteRoms.jpg,MIUI and HyperOS-based custom OS,EliteRoms is a development project creating custom Android OS builds based on MIUI and HyperOS for supported devices.,MIUI / HyperOS ROMs,Active,Pakistan,820,640,Multi-device builds,https://www.elitedevelopment.com.pk/,,06-01-2026 14.58
107,HyperIN,https://aitoolbuzz.com/roms/hyperin,https://aitoolbuzz.com/assets/agents/roms/logos/HyperIN.png,Pure HyperOS custom ROM,HyperIN is a HyperOS-based Android ROM focused on delivering a clean and pure HyperOS experience.,HyperOS ROM,Active,India,820,620,“Pure” HyperOS,https://hyperin.vercel.app/,https://github.com/HyperIN-The-Ultra-Pure-HyperOS-ROM,06-01-2026 14.58
108,HyperVoltron,https://aitoolbuzz.com/roms/hypervoltron,https://aitoolbuzz.com/assets/agents/roms/logos/HyperVoltron.jpg,Enhanced HyperOS custom ROM,HyperVoltron is a HyperOS-based Android ROM focused on extended features and performance.,HyperOS ROM,Active,India,820,640,Feature-extended,,,06-01-2026 14.58
109,AliOS,https://aitoolbuzz.com/roms/alios,,Alibaba’s Android-based OS,"AliOS is an Android-derived operating system developed by Alibaba Cloud, incompatible with standard Android apps.",Proprietary Android fork,Active,China,820,700,Alibaba ecosystem,,,06-01-2026 14.58
110,Smartisan OS,https://aitoolbuzz.com/roms/smartisan-os,https://aitoolbuzz.com/assets/agents/roms/logos/AbhixMIUI.jpg,Android OS by Smartisan,"Smartisan OS is an Android-based operating system developed by Smartisan since 2012, known for its distinctive UI design and productivity-focused features.",Proprietary Android OS,Inactive,China,820,700,Design-centric,,,06-01-2026 16.51
111,RedWolf Recovery Project,https://aitoolbuzz.com/roms/redwolf-recovery,https://aitoolbuzz.com/assets/agents/roms/logos/RedWolf_Recovery_Project-19c3fb2f.jpg,TWRP-based custom recovery,"RedWolf Recovery Project is a custom Android recovery originating from Europe, based on TWRP with additional features and enhancements.",Custom Recovery,Inactive,Europe,820,640,TWRP-based,https://redwolfrecovery.github.io/,https://github.com/RedWolfRecovery,06-01-2026 14.58
112,APatch : The Patching of Android Kernel & System,https://aitoolbuzz.com/roms/apatch,https://aitoolbuzz.com/assets/agents/roms/logos/APatch_The_Patching_of_Android_Kernel___System-d636232f.png,Android kernel and system patching tool,"APatch is a tool designed for patching the Android kernel and system, enabling advanced system modifications.",Root / Patch Tool,Active,Global,820,620,Kernel & system,,https://github.com/bmax121/APatch,06-01-2026 14.58
113,AICP (Android Ice Project),https://aitoolbuzz.com/roms/aicp,https://aitoolbuzz.com/assets/agents/roms/logos/AICP_Android_Ice_Project-92980ab9.png,Highly customizable Android ROM,"AICP is a customized Android ROM that combines a clean UI with extensive customization options, allowing users to fine-tune their device experience.",LineageOS-based,Active,USA,820,720,Veteran ROM (since 2011),https://www.aicp-rom.com/,https://github.com/AICP,06-01-2026 14.58
114,AOSP Extended,https://aitoolbuzz.com/roms/aosp-extended,https://aitoolbuzz.com/assets/agents/roms/logos/AOSP_Extended-fd41bc27.png,Stock-like AOSP ROM with customization,AOSP Extended is an Android custom ROM based on AOSP that combines a stock Android feel with additional customization features.,AOSP,Discontinued,India,820,840,Massively popular fork,https://www.aospextended.com/,https://github.com/AospExtended,06-01-2026 14.58
115,Derpfest,https://aitoolbuzz.com/roms/derpfest,https://aitoolbuzz.com/assets/agents/roms/logos/Derpfest-1d478366.png,Community-driven feature-rich AOSP ROM,Derpfest is an AOSP-based custom ROM that merges features from across the Android development community while prioritizing stability.,AOSP,Active,Germany,820,580,Community-driven,https://derpfest.org/,https://github.com/DerpFest-AOSP,06-01-2026 14.58
116,Liquid Remix,https://aitoolbuzz.com/roms/liquid-remix,https://aitoolbuzz.com/assets/agents/roms/logos/Liquid_Remix-6e5964d7.png,Feature-rich Android ROM,Liquid Remix is an Android custom ROM known for blending customization features into a smooth AOSP-based experience.,AOSP,Discontinued,USA,800,650,Feature fusion ROM,,https://github.com/LiquidRemix,06-01-2026 14.58
117,RisingOS,https://aitoolbuzz.com/roms/risingos,https://aitoolbuzz.com/assets/agents/roms/logos/RisingOS-1f9ccfef.png,Android project by RisingTechOSS,"RisingOS is an Android custom ROM developed under Rising Tech Open Source Software, focusing on modern Android development.",AOSP,Active,Philippines,800,600,RisingTech OSS,,https://github.com/RisingTechOSS,06-01-2026 14.58
118,StatiX OS,https://aitoolbuzz.com/roms/statix-os,https://aitoolbuzz.com/assets/agents/roms/logos/StatiX_OS-4bb56cab.png,Homebrew Android distribution,"StatiX OS is a homebrew distribution of Android focused on stability, customization, and a community-driven development approach.",AOSP,Active,USA,800,540,Homebrew distro,,https://github.com/StatiXOS,06-01-2026 14.58
119,SlimKat,https://aitoolbuzz.com/roms/slimkat,,SlimRoms Android KitKat build,SlimKat represents the Android KitKat branch of the SlimRoms project.,SlimRoms,Discontinued,USA,800,600,KitKat era,,,06-01-2026 14.58
120,Xylon ROM,https://aitoolbuzz.com/roms/xylon-rom,,Custom Android firmware project,Xylon ROM is an Android custom firmware project focused on performance and customization.,AOSP,Discontinued,USA,800,620,Early custom ROM,,,06-01-2026 14.58
121,Pixel CAF,https://aitoolbuzz.com/roms/pixel-caf,,Pixel-style CAF-based ROM,Pixel CAF is an Android custom ROM combining Pixel UI design with CAF optimizations.,Pixel-style + CAF,Inactive,India,800,520,Pixel UI with CAF optimizations,,,06-01-2026 14.58
122,CrDroid R Mod (TrebleGSI Files),https://aitoolbuzz.com/roms/crdroid-r-mod-gsi,,crDroid-based Treble GSI,CrDroid R Mod is a Treble GSI variant of crDroid with additional modifications.,GSI (crDroid),Inactive,Global,800,560,crDroid-based GSIs,,,06-01-2026 14.58
123,HyperOS Reborn,https://aitoolbuzz.com/roms/hyperos-reborn,,Revived HyperOS custom ROM,HyperOS Reborn is a community-driven HyperOS-based Android ROM.,HyperOS ROM,Active,India,800,600,Community revival,,,06-01-2026 14.58
124,Pterodon Recovery,https://aitoolbuzz.com/roms/pterodon-recovery,https://aitoolbuzz.com/assets/agents/roms/logos/Pterodon_Recovery-6d323c23.jpg,Community-built Android custom recovery,"Pterodon Recovery is a modern Android custom recovery developed by the community, focusing on usability and active development.",Custom Recovery,Active,Global,800,600,Community-built,,https://github.com/PterodonRecovery,06-01-2026 14.58
125,Carbon ROM,https://aitoolbuzz.com/roms/carbon-rom,https://aitoolbuzz.com/assets/agents/roms/logos/Carbon_ROM-c31041f6.jpg,Highly customizable AOSP-based ROM,Carbon ROM is an aftermarket Android firmware based on AOSP that adds extensive customization options to stock Android.,AOSP,Inactive,USA,800,680,Veteran ROM,https://carbonrom.org/,https://github.com/CarbonROM,06-01-2026 14.58
126,LMODroid,https://aitoolbuzz.com/roms/lmodroid,https://aitoolbuzz.com/assets/agents/roms/logos/LMODroid-89e96833.png,LineageOS-based ROM mirror,LMODroid is a LineageOS-based Android ROM project primarily maintained as a source mirror.,LineageOS-based,Active,Unknown,780,500,Clean LOS derivative,https://git.libremobileos.com/LMODroid/,https://github.com/LMODroid,06-01-2026 14.58
127,Project Titanium,https://aitoolbuzz.com/roms/project-titanium,https://aitoolbuzz.com/assets/agents/roms/logos/Project_Titanium-080b66f2.png,Fast and feature-focused AOSP ROM,"Project Titanium is a custom Android ROM based on AOSP, designed for speed, performance, and feature richness.",AOSP,Inactive,India,780,520,Speed-focused,,https://github.com/Project-Titanium,06-01-2026 14.58
128,Syberia OS,https://aitoolbuzz.com/roms/syberia-os,https://aitoolbuzz.com/assets/agents/roms/logos/Syberia_OS-88bf514d.png,Enhanced stock Android experience,Syberia OS is an AOSP-based project built to enhance the stock Android experience with performance and customization improvements.,AOSP,Inactive,Russia,780,560,Polished UI,https://syberiaos.com/,https://github.com/syberia-project,06-01-2026 14.58
129,xdroidOSS,https://aitoolbuzz.com/roms/xdroidoss,https://aitoolbuzz.com/assets/agents/roms/logos/xdroidOSS-4a908d9c.png,Minimal and functional Android OS,"xdroidOSS is an Android operating system with a minimal design philosophy, focused on essential features and usability.",AOSP,Active,Indonesia,780,520,Minimal design,http://xd.xyzscape.xyz/,https://github.com/xdroid-oss,06-01-2026 14.58
130,Xtended XS,https://aitoolbuzz.com/roms/xtended-xs,https://aitoolbuzz.com/assets/agents/roms/logos/Xtended_XS-6196b15a.jpg,Redefined Android custom ROM,"Xtended XS is a custom Android ROM designed to redefine the Android experience through features, polish, and performance.",AOSP,Inactive,India,780,520,Reimagined ROM,https://project-xtended.org/,https://github.com/Project-Xtended,06-01-2026 14.58
131,Mahdi ROM,https://aitoolbuzz.com/roms/mahdi-rom,,Feature-rich Android custom ROM,Mahdi ROM is an AOSP-based Android ROM known for customization options and performance tuning.,AOSP,Discontinued,USA,780,620,Feature-heavy,,,06-01-2026 14.58
132,Vanir AOSP,https://aitoolbuzz.com/roms/vanir-aosp,,Performance-focused AOSP custom ROM,Vanir AOSP is an Android custom ROM based on AOSP with performance and customization enhancements.,AOSP,Discontinued,USA,780,580,Performance focus,,,06-01-2026 14.58
133,OptimumDrunk CAF,https://aitoolbuzz.com/roms/optimumdrunk-caf,,CAF-based OptimumDrunk ROM,OptimumDrunk CAF is a CAF-enhanced version of the OptimumDrunk Android custom ROM.,CAF-based,Inactive,India,780,460,Performance-focused CAF ROM,,,07-01-2026 1.11
134,Sony Xperia AOSP ROM,https://aitoolbuzz.com/roms/xperia-aosp-rom,,Xperia-style AOSP custom ROM,Sony Xperia AOSP ROM integrates Xperia UI elements into a clean AOSP base.,OEM-inspired AOSP,Inactive,Japan,780,520,Xperia UI elements on AOSP,,,06-01-2026 14.58
135,LineageOS Lite,https://aitoolbuzz.com/roms/lineageos-lite,,Lightweight LineageOS-based ROM,LineageOS Lite is a stripped-down LineageOS variant focused on performance and simplicity.,LineageOS-based (Minimal),Inactive,Global,780,460,Lightweight LOS,,,06-01-2026 14.58
136,Corvus OS (Tipz Team Builds Files),https://aitoolbuzz.com/roms/corvus-os-tipz,,Corvus OS Treble builds,Corvus OS Tipz Team builds are Treble GSI variants of Corvus OS.,GSI (AOSP),Inactive,India,780,520,Community Treble builds,,,07-01-2026 1.51
137,HyperOS GoPlus,https://aitoolbuzz.com/roms/hyperos-goplus,,Lightweight HyperOS-based ROM,HyperOS GoPlus is a lightweight custom ROM based on Xiaomi HyperOS.,HyperOS ROM,Active,India,780,560,Lightweight,,,06-01-2026 14.58
138,HyperVN,https://aitoolbuzz.com/roms/hypervn,https://aitoolbuzz.com/assets/agents/roms/logos/MIUIVN.webp,Vietnamese HyperOS custom ROM,HyperVN is a HyperOS-based Android ROM developed for Vietnamese users.,HyperOS ROM,Active,Vietnam,780,580,VN localization,,,06-01-2026 14.58
139,MIUI TR,https://aitoolbuzz.com/roms/miui-tr,https://aitoolbuzz.com/assets/agents/roms/logos/miuitr.jpg,Turkish MIUI custom ROM,MIUI TR is a MIUI-based Android custom ROM localized for Turkish users.,MIUI-based ROM,Inactive,Turkey,780,560,TR localization,https://forum.miuitr.info/bolum/miuitr.5/,,06-01-2026 14.58
140,Baidu Yi,https://aitoolbuzz.com/roms/baidu-yi,,Discontinued Baidu Android OS,Baidu Yi was an Android-based operating system developed by Baidu and discontinued in 2015.,Proprietary Android fork,Discontinued,China,780,720,Discontinued (2015),,,06-01-2026 14.58
141,LeWa OS,https://aitoolbuzz.com/roms/lewa-os,,Early Chinese Android OS,LeWa OS is an Android-based operating system developed by Lewa Technology starting in 2011.,Proprietary Android OS,Discontinued,China,780,680,Early Chinese OS,,,06-01-2026 14.58
142,Ancient OS,https://aitoolbuzz.com/roms/ancient-os,https://aitoolbuzz.com/assets/agents/roms/logos/Ancient_OS-8a99157b.png,Performance and stability-focused AOSP ROM,"Ancient OS is a custom ROM based on AOSP with a strong focus on performance, security, and long-term system stability.",AOSP,Active,India,780,520,Performance & stability focus,https://www.ancientrom.xyz/,https://github.com/Ancient-Lab,06-01-2026 14.58
143,Colt OS,https://aitoolbuzz.com/roms/colt-os,https://aitoolbuzz.com/assets/agents/roms/logos/Colt_OS-3c0cf5cf.png,Feature-packed AOSP-based ROM,Colt OS is a custom Android ROM that delivers extensive features with a clean and stable AOSP base.,AOSP,Inactive,India,770,510,Feature-packed,,https://github.com/Colt-Enigma,06-01-2026 14.58
144,Hentai OS,https://aitoolbuzz.com/roms/hentai-os,https://aitoolbuzz.com/assets/agents/roms/logos/Hentai_OS-292fb990.png,Community-driven Android custom ROM,"Hentai OS is an AOSP-based custom Android ROM known for offering a mix of features, performance tweaks, and customization.",AOSP,Inactive,India,760,470,Highly customizable,https://hentaios.com/,https://github.com/hentaiOS,06-01-2026 14.58
145,Mist-OS,https://aitoolbuzz.com/roms/mist-os,https://aitoolbuzz.com/assets/agents/roms/logos/Mist_OS-18287ad8.jpg,Pixel-inspired AOSP custom ROM,"Mist-OS is a beautifully crafted Android ROM based on AOSP and Pixel features, offering polished design and quality features.",AOSP,Inactive,India,760,440,"Pixel-inspired, polished",,https://github.com/Project-Mist-OS,06-01-2026 14.58
146,Nitrogen OS,https://aitoolbuzz.com/roms/nitrogen-os,https://aitoolbuzz.com/assets/agents/roms/logos/Nitrogen_OS-b1005267.jpg,Lightweight Android ROM for Pixel devices,"Nitrogen OS is a clean and lightweight Android custom ROM, with builds such as Android 14 available for devices like the Google Pixel 6a.",AOSP,Inactive,Russia,760,480,Clean & lightweight,,https://github.com/nitrogen-project,06-01-2026 14.58
147,Pixel Extended,https://aitoolbuzz.com/roms/pixel-extended,https://aitoolbuzz.com/assets/agents/roms/logos/Pixel_Extended-a215a968.png,Feature-rich fork of PixelExperience,Pixel Extended is a fork of PixelExperience that expands customization while retaining Pixel-style UI and features.,PixelExperience fork,Inactive,India,760,500,Extra customization,,https://github.com/PixelExtended,06-01-2026 14.58
148,ReloadedOS,https://aitoolbuzz.com/roms/reloadedos,https://aitoolbuzz.com/assets/agents/roms/logos/ReloadedOS-ce45ac3b.png,CAF-based ROM with strong battery life,ReloadedOS is a CAF-based Android custom ROM that provides a stock AOSP feel while delivering high performance and excellent battery backup.,CAF-based,Inactive,India,760,430,Battery & performance,https://reloadedos.org/,https://github.com/ReloadedOS,06-01-2026 14.58
149,SomethingOS,https://aitoolbuzz.com/roms/somethingos,https://aitoolbuzz.com/assets/agents/roms/logos/SomethingOS-8d01a36b.jpg,AOSPA fork with new design,"SomethingOS is a fork of Paranoid Android (AOSPA), featuring additional features and a refreshed visual design.",AOSPA fork,Inactive,India,760,420,New design,https://somethingos.com,https://github.com/SomethingOS,06-01-2026 14.58
150,Viper OS,https://aitoolbuzz.com/roms/viper-os,https://aitoolbuzz.com/assets/agents/roms/logos/Viper_OS-9d83474d.png,Custom Android ROM with enhancements,"Viper OS is an Android custom ROM that focuses on system enhancements, performance tuning, and customization.",AOSP,Inactive,India,760,480,Feature-rich,https://viperos.gitlab.io/,https://github.com/ViperOS,06-01-2026 14.58
151,XPerience CAF,https://aitoolbuzz.com/roms/xperience-caf,https://aitoolbuzz.com/assets/agents/roms/logos/XPerience_CAF-59310387.png,CAF-based Android custom ROM,"XPerience CAF is a custom Android ROM based on CAF, focused on performance optimization and hardware compatibility.",CAF-based,Inactive,India,760,470,Performance focus,,https://github.com/TheXperienceProject,07-01-2026 1.11
152,SlimBean,https://aitoolbuzz.com/roms/slimbean,,SlimRoms Android Jelly Bean build,SlimBean is the Jelly Bean–era release branch of the SlimRoms Android project.,SlimRoms,Discontinued,USA,760,540,Jelly Bean era,,,06-01-2026 14.58
153,EAS CAF ROM,https://aitoolbuzz.com/roms/eas-caf-rom,,CAF ROM with EAS scheduling,EAS CAF ROM is a CAF-based Android ROM optimized using Energy Aware Scheduling.,CAF-based,Inactive,Unknown,760,420,Energy Aware Scheduling optimizations,,,06-01-2026 14.58
154,TurboROM,https://aitoolbuzz.com/roms/turborom,,Performance-optimized Android custom ROM,"TurboROM is an Android custom ROM focused on speed, responsiveness, and performance tuning.",AOSP,Inactive,India,760,420,Performance-oriented tuning,,,06-01-2026 14.58
155,Barebone AOSP,https://aitoolbuzz.com/roms/barebone-aosp,,Minimal AOSP Android ROM,Barebone AOSP is a stripped-down Android ROM focusing only on core AOSP functionality.,Minimal AOSP,Inactive,Unknown,760,440,Core AOSP only,,,06-01-2026 14.58
156,Pixel Go ROM,https://aitoolbuzz.com/roms/pixel-go-rom,,Pixel-style Android Go ROM,Pixel Go ROM combines Android Go optimization with Pixel-inspired UI elements.,Android Go + Pixel UI,Inactive,India,760,460,Pixel-styled Android Go,,,06-01-2026 14.58
157,IndoDroid,https://aitoolbuzz.com/roms/indodroid,,Indonesian-focused Android ROM,IndoDroid is an Android custom ROM developed for Indonesian users and devices.,Regional AOSP,Inactive,Indonesia,760,460,Indonesian community ROM,,,06-01-2026 14.58
158,TurkROM,https://aitoolbuzz.com/roms/turkrom,,Turkish community Android ROM,TurkROM is a community-developed Android custom ROM for Turkish users.,Regional AOSP,Inactive,Turkey,760,460,Turkish community ROM,,,06-01-2026 14.58
159,VietOS,https://aitoolbuzz.com/roms/vietos,,Vietnamese-focused Android ROM,VietOS is an Android custom ROM developed for Vietnamese users and devices.,Regional AOSP,Inactive,Vietnam,760,480,Vietnamese localization,,,06-01-2026 14.58
160,AOSP 12.1 v416 (treble_experimentations),https://aitoolbuzz.com/roms/aosp-12-1-v416,,Experimental AOSP 12.1 GSI build,AOSP 12.1 v416 is an experimental Treble GSI build used for testing and development.,GSI (AOSP),Experimental,Global,760,420,Treble testing build,,https://github.com/phhusson/treble_experimentations/releases,06-01-2026 14.58
161,Abhix MIUI,https://aitoolbuzz.com/roms/abhix-miui,,Modified MIUI-based Android ROM,Abhix MIUI is a customized MIUI-based Android ROM offering additional tweaks and optimizations.,MIUI-based ROM,Inactive,India,760,520,Tweaked MIUI,,,06-01-2026 14.58
162,Hyper Mint,https://aitoolbuzz.com/roms/hyper-mint,https://aitoolbuzz.com/assets/agents/roms/logos/HyperMint.jpg,HyperOS-based Android ROM,Hyper Mint is a custom Android ROM based on Xiaomi HyperOS.,HyperOS-based ROM,Inactive,Indonesia,760,520,HyperOS variant,,,06-01-2026 14.58
163,HyperOS TN,https://aitoolbuzz.com/roms/hyperos-tn,https://aitoolbuzz.com/assets/agents/roms/logos/HyperOSReborn.jpg,Regional HyperOS custom ROM,HyperOS TN is a HyperOS-based Android ROM tailored for specific regional use.,HyperOS ROM,Inactive,India,760,540,Regional,https://miuitn.vercel.app/HyperTN/,,06-01-2026 14.58
164,Riru,https://aitoolbuzz.com/roms/riru,,Zygote injection framework,"Riru is a framework that injects code into Android’s Zygote process, historically used by modules such as EdXposed and LSPosed.",Framework,Inactive,Global,760,520,Legacy injection,,,06-01-2026 14.58
165,DroidGuard Helper,https://aitoolbuzz.com/roms/droidguard-helper,,Google SafetyNet compatibility helper,DroidGuard Helper is a tool designed to assist with Google SafetyNet and device integrity checks on modified Android systems.,SafetyNet Helper,Active,Global,760,540,Integrity checks,,,06-01-2026 14.58
166,AOSiP (Android Open Source Illusion Project),https://aitoolbuzz.com/roms/aosip,https://aitoolbuzz.com/assets/agents/roms/logos/AOSiP_Android_Open_Source_Illusion_Project-6d73fafa.png,Clean AOSP-based Android ROM,"AOSiP is an Android custom ROM based on AOSP that aims to provide a smooth, clean, and stable Android experience.",AOSP,Inactive,USA,760,610,Clean & stable builds,https://aosip.dev/,https://github.com/AOSiP,06-01-2026 14.58
167,Cherish OS,https://aitoolbuzz.com/roms/cherish-os,https://aitoolbuzz.com/assets/agents/roms/logos/Cherish_OS-2a9a8b44.png,Feature-rich Pixel-inspired ROM,"Cherish OS is a beautiful Android ROM based on AOSP and Pixel features, offering quality customization options.",AOSP,Active,Vietnam,760,420,Pixel-inspired,https://cherishos.com/,https://github.com/CherishOS,06-01-2026 14.58
168,Pixys OS,https://aitoolbuzz.com/roms/pixys-os,https://aitoolbuzz.com/assets/agents/roms/logos/Pixys_OS-30dc4634.png,Minimal Pixel-style AOSP ROM,Pixys OS is a lightweight AOSP-based Android ROM with minimal customizations and a focus on smooth performance.,AOSP,Inactive,India,750,460,Minimal Pixel ROM,https://downloads.pixysos.com/,https://github.com/PixysOS,06-01-2026 14.58
169,AlphaDroid,https://aitoolbuzz.com/roms/alphadroid,https://aitoolbuzz.com/assets/agents/roms/logos/AlphaDroid-0aa42933.jpg,Feature-rich ROM based on crDroid,"AlphaDroid is a custom ROM based on crDroid that introduces a refreshed design, additional features, and performance optimizations.",crDroid-based,Active,India,750,430,Modern UI + optimizations,,https://github.com/AlphaDroid-Project,06-01-2026 14.58
170,PixelDust-Project-X,https://aitoolbuzz.com/roms/pixeldust-project-x,https://aitoolbuzz.com/assets/agents/roms/logos/Pixel_Dust-0033c384.png,Clean and minimal Pixel-inspired ROM,Pixel Dust is a lightweight Android custom ROM focused on delivering a clean Pixel-like experience with minimal modifications.,AOSP,Active,USA,740,460,Clean Pixel experience,,https://github.com/PixelDust-Project-X,06-01-2026 17.00
171,POSP (Potato Open Sauce Project),https://aitoolbuzz.com/roms/posp,https://aitoolbuzz.com/assets/agents/roms/logos/POSP_Potato_Open_Sauce_Project-dbbba85b.png,Community-driven AOSP custom ROM,"POSP is an Android custom ROM project based on AOSP, focused on clean design, customization, and community development.",AOSP,Inactive,India,740,430,Community-driven,https://potatoproject.co/,https://github.com/PotatoProject,06-01-2026 14.58
172,Project Infinity X,https://aitoolbuzz.com/roms/project-infinity-x,https://aitoolbuzz.com/assets/agents/roms/logos/Project_Infinity_X-83c94d69.jpg,Feature-rich ROM for supported devices,Project Infinity X is a custom Android ROM aimed at users seeking extensive features across supported devices.,AOSP,Inactive,India,740,420,Feature-heavy,,https://github.com/ProjectInfinity-X,06-01-2026 14.58
173,Revenge OS,https://aitoolbuzz.com/roms/revenge-os,https://aitoolbuzz.com/assets/agents/roms/logos/Revenge_OS-4110166e.png,Stable and user-friendly AOSP ROM,"Revenge OS is a beautiful AOSP-based Android ROM designed to be fast, stable, and easy to use, targeting legacy devices.",AOSP,Inactive,India,740,410,Stable legacy ROM,https://revengeos.com/,https://github.com/RevengeOS,06-01-2026 14.58
174,Stag OS,https://aitoolbuzz.com/roms/stag-os,https://aitoolbuzz.com/assets/agents/roms/logos/Stag_OS-0c99034b.jpg,Unconventional AOSP-based custom ROM,Stag OS is an AOSP-based Android custom ROM that aims to stand out from conventional ROMs by offering a distinct identity and experience.,AOSP,Inactive,India,740,430,Unique identity,https://stag-os.org/,https://github.com/StagOS,06-01-2026 14.58
175,AOSPK - The Kraken Project,https://aitoolbuzz.com/roms/aospk-kraken,https://aitoolbuzz.com/assets/agents/roms/logos/AOSPK_The_Kraken_Project-e898d5cf.jpg,Practical AOSP-based custom ROM,"AOSPK, also known as The Kraken Project, is an AOSP-based Android ROM offering useful everyday customizations and system enhancements.",AOSP,Inactive,Brazil,740,420,Practical features,,https://github.com/AOSPK,06-01-2026 14.58
176,VoidUI,https://aitoolbuzz.com/roms/voidui,https://aitoolbuzz.com/assets/agents/roms/logos/VoidUI-b3ec880b.png,Pixel Experience Plus–based custom ROM,"VoidUI is a custom Android ROM based on Pixel Experience Plus, integrating extensive backend improvements, upstream fixes, and new features.",PixelExperience-based,Inactive,India,740,420,Backend heavy,,https://github.com/VoidUI,06-01-2026 14.58
177,TailsOS Android (experimental privacy ROM),https://aitoolbuzz.com/roms/tailsos-android,,Experimental privacy-focused Android ROM,TailsOS Android is an experimental privacy-focused Android ROM inspired by Tails OS principles.,Privacy-focused Android,Experimental,Unknown,740,260,Inspired by Tails OS principles,,,06-01-2026 14.58
178,FlymeOS Port,https://aitoolbuzz.com/roms/flymeos-port,,FlymeOS port for Android devices,FlymeOS Port adapts Meizu’s FlymeOS interface to non-Meizu Android devices.,OEM UI Port,Inactive,China,740,460,Meizu FlymeOS port,,,06-01-2026 14.58
179,ZUI (Lenovo) Port,https://aitoolbuzz.com/roms/zui-lenovo-port,,Lenovo ZUI Android port,ZUI Port adapts Lenovo’s ZUI Android interface to other devices.,OEM UI Port,Inactive,China,740,420,Lenovo ZUI adaptation,,,06-01-2026 14.58
180,LeanOS,https://aitoolbuzz.com/roms/leanos,,Minimal and lightweight Android ROM,LeanOS is a lightweight Android custom ROM focused on efficiency and simplicity.,Minimal AOSP,Inactive,Unknown,740,400,Lightweight daily ROM,,,06-01-2026 14.58
181,AURA OS,https://aitoolbuzz.com/roms/aura-os,,Clean AOSP-based Android ROM,AURA OS is an AOSP-based Android custom ROM focused on clean design and smooth performance.,AOSP,Inactive,India,740,420,Clean & modern design,,,06-01-2026 14.58
182,DesiDroid,https://aitoolbuzz.com/roms/desidroid,,Regional Android custom ROM,DesiDroid is an Android custom ROM aimed at users in the Indian subcontinent.,Regional AOSP,Inactive,India,740,420,Indian customization,,,06-01-2026 14.58
183,CAOS A11 (TrebleGSI Files),https://aitoolbuzz.com/roms/caos-a11-gsi,,Android 11 Treble GSI ROM,CAOS A11 is an Android 11-based custom ROM provided as Treble-compatible GSIs.,GSI (AOSP),Inactive,Global,740,400,Android 11 GSIs,,,06-01-2026 14.58
184,HyperArt,https://aitoolbuzz.com/roms/hyperart,https://aitoolbuzz.com/assets/agents/roms/logos/HyperArt.jpg,Modified HyperOS port,HyperArt is a HyperOS-based port with additional visual and functional modifications.,HyperOS Port,Inactive,China,740,500,Visual mods,,,06-01-2026 14.58
185,ReavenUI,https://aitoolbuzz.com/roms/reavenui,,Custom Android UI-focused ROM,ReavenUI is an Android custom ROM centered around UI refinement and customization.,AOSP ROM,Inactive,India,740,460,UI polish,,,06-01-2026 14.58
186,Indus OS,https://aitoolbuzz.com/roms/indus-os,,Regional Android operating system,Indus OS is an Android-based operating system developed by Team Indus OS for regional users.,Proprietary Android OS,Inactive,India,740,520,Regional,,,06-01-2026 14.58
187,CipherOS,https://aitoolbuzz.com/roms/cipheros,https://aitoolbuzz.com/assets/agents/roms/logos/CipherOS-4c211a68.png,Stable and fast Android custom OS,"CipherOS is a sturdy, stable, and fast Android custom operating system focused on reliability.",AOSP,Active,India,740,390,Stability-focused,https://cipheros.github.io/,https://github.com/CipherOS,06-01-2026 14.58
188,Descendant X,https://aitoolbuzz.com/roms/descendant-x,https://aitoolbuzz.com/assets/agents/roms/logos/Descendant_X-9d994210.png,UX-focused customized Android ROM,Descendant X is a customized Android ROM that enhances user experience and interface design while retaining useful features.,AOSP,Inactive,Italy,740,430,UX/UI focused,https://descendant.me/,https://github.com/Descendant,06-01-2026 14.58
189,DotOS (Droid On Time),https://aitoolbuzz.com/roms/dotos,https://aitoolbuzz.com/assets/agents/roms/logos/DotOS_Droid_On_Time-dcfee12e.png,Simple and stable AOSP-based custom ROM,"DotOS, also known as Droid On Time, is a beautiful AOSP-based custom ROM that focuses on delivering a simple, unique, and stable Android experience.",AOSP,Inactive,India,740,480,"Simple, stable, clean UI",https://www.droidontime.com/,https://github.com/DotOS,06-01-2026 14.58
190,Firmware Collection (Nippon) - OneUI,https://aitoolbuzz.com/roms/firmware-nippon-oneui,https://aitoolbuzz.com/assets/agents/roms/logos/Firmware_Collection_Nippon_OneUI-152f93d9.png,Samsung OneUI firmware archive,Nippon Firmware Collection focuses on Samsung OneUI firmware distributions.,Firmware Archive,Active,Global,730,460,Samsung OneUI focus,,,06-01-2026 14.58
191,Miku UI,https://aitoolbuzz.com/roms/miku-ui,https://aitoolbuzz.com/assets/agents/roms/logos/Miku_UI-4323b3d5.png,AOSP-based ROM for Hatsune Miku fans,"Miku UI is an AOSP-based Android custom ROM designed for Hatsune Miku fans, combining clean Android with themed elements.",AOSP,Active,Japan,720,410,Anime-themed ROM,,https://github.com/Miku-UI,06-01-2026 14.58
192,PhoenixAOSP,https://aitoolbuzz.com/roms/phoenixaosp,https://aitoolbuzz.com/assets/agents/roms/logos/PhoenixAOSP-b5a8c981.png,Android 13-based AOSP custom ROM,"PhoenixAOSP is a custom Android ROM based on Android 13, focusing on performance, stability, and a clean AOSP experience.",AOSP,Inactive,India,720,420,Android 13-based,,https://github.com/PhoenixAOSP,06-01-2026 14.58
193,Pixel Project,https://aitoolbuzz.com/roms/pixel-project,https://aitoolbuzz.com/assets/agents/roms/logos/Pixel_Project-d16440b6.jpg,Stock Android with Pixel enhancements,The Pixel Project is an AOSP-based custom ROM focused on delivering a smooth stock Android experience enhanced with Pixel goodies.,AOSP,Inactive,United Kingdom,720,410,Pixel goodies,,https://github.com/The-Pixel-Project,06-01-2026 14.58
194,Project Arcana,https://aitoolbuzz.com/roms/project-arcana,https://aitoolbuzz.com/assets/agents/roms/logos/Project_Arcana-bdba1aec.png,UX-focused AOSP-based mobile OS,"Project Arcana is a custom Android operating system based on AOSP, focused on improving user experience with subtle enhancements.",AOSP,Inactive,Philippines,720,380,UX-focused,https://projectarcana-aosp.github.io/,https://github.com/projectarcana-aosp,06-01-2026 14.58
195,Project Pixelage,https://aitoolbuzz.com/roms/project-pixelage,https://aitoolbuzz.com/assets/agents/roms/logos/Project_Pixelage.png,Pixel-inspired Android ROM,Project Pixelage is a custom Android ROM focused on blending AOSP with Pixel-style UI and features.,AOSP,Inactive,Malaysia,720,370,Pixel-inspired,,https://github.com/ProjectPixelage,06-01-2026 14.58
196,RohieOS,https://aitoolbuzz.com/roms/rohieos,https://aitoolbuzz.com/assets/agents/roms/logos/RohieOS-436f71fe.jpg,Pure AOSP ROM with playful design,RohieOS is a CAF-based Android ROM delivering a pure AOSP experience with distinctive Meow icons and playful design elements.,CAF-based,Inactive,India,720,390,Pure AOSP,,https://github.com/RohieOS,06-01-2026 14.58
197,Toxyc OS,https://aitoolbuzz.com/roms/toxyc-os,https://aitoolbuzz.com/assets/agents/roms/logos/Toxyc_OS-1bb30761.png,Community-driven Android ROM,"Toxyc OS is an AOSP-based custom Android ROM with a bold identity, focused on customization and community engagement.",AOSP,Inactive,India,720,380,Custom theming,,https://github.com/ToxycOS,06-01-2026 14.58
198,Xdroid CAF,https://aitoolbuzz.com/roms/xdroid-caf,https://aitoolbuzz.com/assets/agents/roms/logos/Xdroid_CAF-48299c67.png,CAF-based ROM transitioning to xdroidOSS,Xdroid CAF is a CAF-based Android ROM project that has transitioned development to the xdroidOSS codebase.,CAF-based,Discontinued,Indonesia,720,420,Moved to xdroidOSS,,https://github.com/xdroid-CAF,06-01-2026 14.58
199,SpeedyOS,https://aitoolbuzz.com/roms/speedyos,,Lightweight and fast Android ROM,SpeedyOS is an Android custom ROM designed for fast performance and minimal overhead.,AOSP (Minimal),Inactive,Unknown,720,360,Speed and responsiveness,,,06-01-2026 14.58
200,FuntouchOS Port,https://aitoolbuzz.com/roms/funtouchos-port,,Vivo FuntouchOS Android port,FuntouchOS Port brings Vivo’s Android UI experience to other compatible devices.,OEM UI Port,Inactive,China,720,440,Vivo FuntouchOS adaptation,,,06-01-2026 14.58
201,FastOS,https://aitoolbuzz.com/roms/fastos,,Speed-focused Android ROM,FastOS is an Android custom ROM designed to deliver fast boot times and smooth performance.,AOSP,Inactive,Unknown,720,360,Boot & UI speed focus,,,06-01-2026 14.58
202,BanglaDroid,https://aitoolbuzz.com/roms/bangladroid,,Android ROM for Bangla users,BanglaDroid is an Android custom ROM tailored for Bangla-speaking users.,Regional AOSP,Inactive,Bangladesh,720,380,Bangla-focused ROM,,,06-01-2026 14.58
203,MalayK ROM,https://aitoolbuzz.com/roms/malayk-rom,,Malaysia-focused Android ROM,MalayK ROM is an Android custom ROM targeting Malaysian users and devices.,Regional AOSP,Inactive,Malaysia,720,380,Malaysia-focused,,,06-01-2026 14.58
204,Firmware Collection (Erfanoabdi),https://aitoolbuzz.com/roms/firmware-erfanoabdi,,Android firmware archive,Erfanoabdi Firmware Collection hosts Android firmware images for supported devices.,Firmware Archive,Active,Global,720,450,Well-known maintainer,https://mirrors.lolinet.com/firmware/gsi/,,06-01-2026 14.58
205,DevineUI,https://aitoolbuzz.com/roms/devineui,,UI-focused Android custom ROM,DevineUI is an Android custom ROM emphasizing UI refinement and visual polish.,AOSP ROM,Inactive,India,720,420,UI-focused,,,06-01-2026 14.58
206,PaperOS,https://aitoolbuzz.com/roms/paperos,,Minimal Android custom ROM,PaperOS is a lightweight Android custom ROM focused on simplicity and clean design.,AOSP ROM,Inactive,India,720,420,Minimal design,,,06-01-2026 14.58
207,Cypher OS,https://aitoolbuzz.com/roms/cypher-os,https://aitoolbuzz.com/assets/agents/roms/logos/Cypher_OS-d8205142.png,Clean AOSP-based Android project,"Cypher OS is an Android Open Source Project-based ROM focused on simplicity, performance, and reliability.",AOSP,Inactive,USA,720,420,Clean philosophy,,https://github.com/CypherOS,06-01-2026 14.58
208,Evervolv,https://aitoolbuzz.com/roms/evervolv,https://aitoolbuzz.com/assets/agents/roms/logos/Evervolv-8805c6ec.png,Community-driven Android custom ROM,Evervolv is a community-maintained Android custom ROM project aimed at delivering a clean and stable AOSP-based experience.,AOSP,Inactive,USA,720,400,Community-maintained legacy ROM,,https://github.com/Evervolv,06-01-2026 14.58
209,Firmware Collection (Turbolukex5),https://aitoolbuzz.com/roms/firmware-turbolukex5,https://aitoolbuzz.com/assets/agents/roms/logos/_Firmware_Collection_Turbolukex5-efe0da61.png,Android firmware archive,Turbolukex5 Firmware Collection hosts Android firmware releases.,Firmware Archive,Active,Global,710,420,GSI & firmware,,,06-01-2026 14.58
210,fortuneOS,https://aitoolbuzz.com/roms/fortuneos,https://aitoolbuzz.com/assets/agents/roms/logos/fortuneOS-2f8a0b68.jpg,Pixel-focused AOSP custom ROM,fortuneOS is an AOSP-based Android ROM that aims to deliver the best possible Pixel-like experience on supported devices.,AOSP,Inactive,Indonesia,700,350,Pixel-like experience,,https://github.com/fortuneOS-AOSP,06-01-2026 14.58
211,Magnus OS,https://aitoolbuzz.com/roms/magnus-os,https://aitoolbuzz.com/assets/agents/roms/logos/Magnus_OS-dfeb7067.png,Feature-rich Android ROM,"Magnus OS is a custom Android ROM that aims to redefine greatness through performance, design, and features.",AOSP,Inactive,India,700,360,Performance & design focus,,https://github.com/Magnus-OS,06-01-2026 14.58
212,Octavi OS,https://aitoolbuzz.com/roms/octavi-os,https://aitoolbuzz.com/assets/agents/roms/logos/Octavi_OS-175ce6bb.png,Feature-rich AOSP-based custom ROM,"Octavi OS is an Android custom ROM based on AOSP, offering a blend of customization features, performance, and stability.",AOSP,Inactive,India,700,380,Balanced features,https://octavi-os.com/,https://github.com/Octavi-Staging,06-01-2026 14.58
213,PixelStar,https://aitoolbuzz.com/roms/pixelstar,https://aitoolbuzz.com/assets/agents/roms/logos/PixelStar-239a702a.jpg,Pixel-inspired AOSP ROM with tweaks,PixelStar is a cherry-picked AOSP-based ROM that includes most Pixel features along with useful customizations.,AOSP,Inactive,India,700,380,Cherry-picked Pixel ROM,,https://github.com/Project-PixelStar,06-01-2026 14.58
214,Project Everest,https://aitoolbuzz.com/roms/project-everest,https://aitoolbuzz.com/assets/agents/roms/logos/Project_Everest-5c7e053f.png,Community-driven AOSP custom ROM,"Project Everest is an Android custom ROM based on AOSP, focused on stability and community-led development.",AOSP,Inactive,India,700,360,Community builds,,https://github.com/ProjectEverest,06-01-2026 14.58
215,Project Kasumi,https://aitoolbuzz.com/roms/project-kasumi,https://aitoolbuzz.com/assets/agents/roms/logos/Project_Kasumi-3245ed38.jpg,Weeb-themed Android custom ROM,Project Kasumi is a weeb-inspired Android custom ROM designed as a home for anime and Japanese culture enthusiasts.,AOSP,Inactive,Japan,700,340,Weeb-themed,,https://github.com/ProjectKasumi,06-01-2026 14.58
216,ShapeShift OS,https://aitoolbuzz.com/roms/shapeshift-os,https://aitoolbuzz.com/assets/agents/roms/logos/ShapeShift_OS-93fb0e0b.jpg,AOSP/CAF-based Android ROM,"ShapeShift OS is a custom Android ROM built on AOSP and CAF, focused on flexibility, performance, and customization.",AOSP / CAF,Inactive,India,700,360,Hybrid base,https://shapeshiftos.com/,https://github.com/ShapeShiftOS,06-01-2026 14.58
217,Spice OS,https://aitoolbuzz.com/roms/spice-os,https://aitoolbuzz.com/assets/agents/roms/logos/Spice_OS-23683a26.png,Experimental AOSP-based custom ROM,"Spice OS is an experimental Android custom ROM based on AOSP, aiming to differentiate itself through unique design and features.",AOSP,Experimental,India,700,350,Under rebase,,https://github.com/SpiceOS,06-01-2026 14.58
218,TenXOS (10X OS),https://aitoolbuzz.com/roms/tenxos,https://aitoolbuzz.com/assets/agents/roms/logos/TenXOS_10X_OS-149c27aa.png,Feature-focused Android custom ROM,TenXOS is an Android custom ROM designed to deliver a complete and feature-rich Android experience.,AOSP,Inactive,India,700,360,Branding-heavy,,https://github.com/TenX-OS,06-01-2026 14.58
219,Tipsy OS,https://aitoolbuzz.com/roms/tipsy-os,https://aitoolbuzz.com/assets/agents/roms/logos/Tipsy_OS-ca429a5c.img,Lightweight AOSP-based Android ROM,"Tipsy OS is a custom Android ROM based on AOSP, focused on delivering a smooth and lightweight Android experience.",AOSP,Inactive,India,700,360,Lightweight,,https://github.com/TipsyOs,06-01-2026 14.58
220,AICP Nougat (legacy branch identity),https://aitoolbuzz.com/roms/aicp-nougat,,Legacy Nougat-based AICP branch,AICP Nougat represents the legacy branch identity of Android Ice Cold Project builds based on Android Nougat.,AICP (Legacy),Discontinued,USA,700,360,Legacy branch,,,06-01-2026 16.58
221,ASUS ZenUI AOSP Port,https://aitoolbuzz.com/roms/zenui-aosp-port,,ZenUI ported to AOSP base,ASUS ZenUI AOSP Port brings ASUS ZenUI features to an AOSP-based Android environment.,OEM UI Port,Inactive,Taiwan,700,380,ZenUI adapted to AOSP,,,06-01-2026 14.58
222,Nubia UI Port,https://aitoolbuzz.com/roms/nubia-ui-port,,Nubia UI Android port,Nubia UI Port brings Nubia’s Android UI design to other supported devices.,OEM UI Port,Inactive,China,700,360,Nubia interface port,,,06-01-2026 14.58
223,LightROM,https://aitoolbuzz.com/roms/lightrom,,Ultra-light Android custom ROM,LightROM is an Android custom ROM designed to minimize system footprint and resource usage.,Minimal AOSP,Inactive,Unknown,700,340,Reduced footprint,,,06-01-2026 14.58
224,ArabROM,https://aitoolbuzz.com/roms/arabrom,,Regional Android custom ROM,ArabROM is an Android custom ROM tailored for Arabic-speaking users and regions.,Regional AOSP,Inactive,Middle East,700,360,Arabic localization,,,06-01-2026 14.58
225,Firmware Collection (Braialindo),https://aitoolbuzz.com/roms/firmware-braialindo,,Android firmware archive,Braialindo Firmware Collection is a curated archive of Android firmware builds.,Firmware Archive,Active,Global,700,420,Curated firmware,,,06-01-2026 14.58
226,Firmware Collection (Diust),https://aitoolbuzz.com/roms/firmware-diust,,Android firmware archive,Diust Firmware Collection provides archived Android firmware for multiple devices.,Firmware Archive,Active,Global,700,410,Multi-device firmware,,,06-01-2026 14.58
227,Firmware Collection (Eremitein),https://aitoolbuzz.com/roms/firmware-eremitein,,Android firmware archive,Eremitein Firmware Collection is a repository of Android firmware builds.,Firmware Archive,Active,Global,700,400,Archived releases,,,06-01-2026 14.58
228,Firmware Collection (Tunahan),https://aitoolbuzz.com/roms/firmware-tunahan,,Android firmware archive,Tunahan Firmware Collection offers firmware images for Android devices.,Firmware Archive,Active,Global,700,390,Community maintained,,,06-01-2026 14.58
229,FireHound,https://aitoolbuzz.com/roms/firehound,https://aitoolbuzz.com/assets/agents/roms/logos/FireHound-a35aae6f.png,Feature-rich and stable Android ROM,FireHound is a custom Android ROM focused on combining advanced features with system stability and reliability.,AOSP,Inactive,Unknown,700,360,Feature + stability balance,,https://github.com/FireHound,06-01-2026 14.58
230,SigmaDroid OS,https://aitoolbuzz.com/roms/sigmadroid-os,https://aitoolbuzz.com/assets/agents/roms/logos/SigmaDroid_OS-9d30c10a.png,Independently developed AOSP ROM,SigmaDroid OS is a custom Android ROM based on AOSP with its own independent development philosophy.,AOSP,Inactive,Unknown,690,340,Independent dev,https://sigmadroid.xyz/,https://github.com/SigmaDroid-Project,06-01-2026 14.58
231,Firmware Collection (Lgor-s7),https://aitoolbuzz.com/roms/firmware-lgor-s7,,Android firmware archive,Lgor-s7 Firmware Collection provides firmware packages for Android devices.,Firmware Archive,Active,Global,690,380,Device firmware,,,06-01-2026 14.58
232,Firmware Collection (Trisquel),https://aitoolbuzz.com/roms/firmware-trisquel,,Android firmware archive,Trisquel Firmware Collection maintains Android firmware resources.,Firmware Archive,Active,Global,690,370,Archived builds,,,06-01-2026 14.58
233,Mallu OS,https://aitoolbuzz.com/roms/mallu-os,https://aitoolbuzz.com/assets/agents/roms/logos/Mallu_OS-669d0029.jpg,LineageOS-based ROM by Mallu developers,"Mallu OS is a LineageOS-based custom Android ROM developed by the Mallu deblobbers team, focusing on privacy and performance.",LineageOS-based,Inactive,India,680,340,Privacy & deblobbing,https://malluos.github.io/,https://github.com/MalluOS,06-01-2026 14.58
234,Pixel Blaster OS,https://aitoolbuzz.com/roms/pixel-blaster-os,https://aitoolbuzz.com/assets/agents/roms/logos/Pixel_Blaster_OS-62c47be2.jpg,AOSP-based Pixel-style custom ROM,Pixel Blaster OS is an Android custom ROM based on AOSP that integrates Pixel-inspired features and enhancements.,AOSP,Inactive,India,680,350,Pixel-style ROM,https://pixelblaster-os.github.io/,https://github.com/PixelBlaster-OS,06-01-2026 14.58
235,Project Mushroom,https://aitoolbuzz.com/roms/project-mushroom,https://aitoolbuzz.com/assets/agents/roms/logos/Project_Mushroom-612d4d5f.png,AOSP-based ROM for Miku fans,"Project Mushroom is an AOSP-based Android ROM for Mikufans, later transitioning development to the Miku UI project.",AOSP,Discontinued,Japan,680,300,Mikufans project,,https://github.com/Project-Mushroom,06-01-2026 14.58
236,Weeb Projekt,https://aitoolbuzz.com/roms/weeb-projekt,https://aitoolbuzz.com/assets/agents/roms/logos/Weeb_Projekt-c0462cd2.png,Anime-inspired Android custom ROM,"Weeb Projekt is a community Android ROM project inspired by anime and Japanese culture, built on AOSP.",AOSP,Inactive,Japan,680,320,Anime-inspired,,https://github.com/weebproject,06-01-2026 14.58
237,MotoBlur AOSP ROM,https://aitoolbuzz.com/roms/motoblur-aosp,,Motorola-style AOSP custom ROM,MotoBlur AOSP ROM is an Android custom ROM inspired by Motorola’s MotoBlur interface.,OEM-inspired AOSP,Discontinued,USA,680,300,Motorola-style UI,,,06-01-2026 14.58
238,MiniROM,https://aitoolbuzz.com/roms/minirom,,Minimal Android custom ROM,MiniROM is a compact Android custom ROM offering essential functionality only.,Minimal AOSP,Inactive,Unknown,680,320,Compact ROM builds,,,06-01-2026 14.58
239,CharlieOS,https://aitoolbuzz.com/roms/charlieos,,Custom Android ROM project,CharlieOS is an Android custom ROM project focused on clean design and usability.,AOSP ROM,Inactive,Unknown,680,360,Community ROM,,,06-01-2026 14.58
240,Eternity OS,https://aitoolbuzz.com/roms/eternity-os,https://aitoolbuzz.com/assets/agents/roms/logos/Eternity_OS-4d3fae31.png,AOSP-based ROM with useful customizations,"Eternity OS is a custom Android ROM based on AOSP, offering a balanced mix of features, customization, and system stability.",AOSP,Inactive,India,680,320,Balanced features & customization,,https://github.com/EternityOS-Plus-Tiramisu,06-01-2026 14.58
241,Flamingo-OS,https://aitoolbuzz.com/roms/flamingo-os,https://aitoolbuzz.com/assets/agents/roms/logos/Flamingo_OS-dd04fcca.jpg,CLO-based open-source Android OS,"Flamingo-OS is an open-source Android operating system based on the CLO codebase, focusing on performance and maintainability.",CLO-based,Active,Unknown,680,310,Successor to Krypton OSP,,https://github.com/Flamingo-OS,06-01-2026 14.58
242,GhostOS,https://aitoolbuzz.com/roms/ghost-os,https://aitoolbuzz.com/assets/agents/roms/logos/GhostOS-0cb36374.jpg,Pixel Experience-based Android ROM,"GhostOS is an AOSP-based Android ROM and a fork of Pixel Experience, focused on simplicity and clean design.",Pixel Experience fork,Inactive,Unknown,670,330,Clean Pixel-style ROM,,https://github.com/Ghost-OS-AOSP,06-01-2026 14.58
243,Advanced XPerience OS,https://aitoolbuzz.com/roms/advanced-xperience-os,https://aitoolbuzz.com/assets/agents/roms/logos/Advanced_XPerience_OS-0399f96c.png,Privacy-focused Android OS based on DivestOS,"Advanced XPerience OS (AXP.OS) is a privacy- and security-oriented aftermarket mobile operating system based on DivestOS, designed to minimize tracking and enhance user control.",DivestOS-based,Active,Germany,670,260,Privacy & security focused,https://axp.binbash.rocks/,https://github.com/AXP-OS,06-01-2026 14.58
244,FlokoROM,https://aitoolbuzz.com/roms/flokorom,https://aitoolbuzz.com/assets/agents/roms/logos/FlokoROM-78457d1c.png,Clean Android ROM with modern features,FlokoROM is a custom Android ROM that brings a clean user experience along with cool new features and smooth performance.,AOSP,Inactive,Unknown,660,300,Clean UI with modern features,https://floko.maud.io/,https://github.com/FlokoROM,06-01-2026 14.58
245,LightningFastRom,https://aitoolbuzz.com/roms/lightningfastrom,https://aitoolbuzz.com/assets/agents/roms/logos/LightningFastRom-58e67a19.png,Fast Android ROM for older devices,LightningFastRom is a lightweight Android operating system designed specifically to deliver speed on older hardware.,AOSP,Discontinued,Unknown,660,280,Optimized for older devices,,https://github.com/lightningfastrom,06-01-2026 14.58
246,Project Zephyrus,https://aitoolbuzz.com/roms/project-zephyrus,https://aitoolbuzz.com/assets/agents/roms/logos/Project_Zephyrus-ad184ed0.jpg,Lightweight and fast Android ROM,"Project Zephyrus is a custom Android ROM focused on delivering a lightweight, fast, and smooth user experience.",AOSP,Inactive,Bangladesh,660,310,Lightweight,https://zephyrus-website.vercel.app/,https://github.com/Project-Zephyrus,06-01-2026 14.58
247,The Styx Project,https://aitoolbuzz.com/roms/styx-project,https://aitoolbuzz.com/assets/agents/roms/logos/The_Styx_Project-398573aa.png,Open-source Android operating system,The Styx Project is a free and open-source aftermarket Android operating system designed for mobile devices and community development.,AOSP,Inactive,Unknown,660,300,Open-source,https://styxproject.ml/,https://github.com/StyxProject,06-01-2026 14.58
248,Lineage OS R Mod,https://aitoolbuzz.com/roms/lineage-os-r-mod,,Modified LineageOS-based ROM,Lineage OS R Mod is a modified build of LineageOS that includes additional tweaks and custom enhancements.,LineageOS-based,Inactive,Unknown,650,300,Modified Lineage builds,,,06-01-2026 14.58
249,Project Lighthouse,https://aitoolbuzz.com/roms/project-lighthouse,https://aitoolbuzz.com/assets/agents/roms/logos/Project_Lighthouse-97068584.png,Clean and stable AOSP-based ROM,"Project Lighthouse is a custom Android ROM focused on clarity, stability, and a clean AOSP experience.",AOSP,Inactive,Unknown,650,300,Clean ROM,https://lighthouse-os.tech/,https://github.com/lighthouse-os,06-01-2026 14.58
250,Project Radiant,https://aitoolbuzz.com/roms/project-radiant,https://aitoolbuzz.com/assets/agents/roms/logos/Project_Radiant-b5054309.jpg,Clean and modern Android custom ROM,"Project Radiant is an Android custom ROM designed to deliver a modern, clean, and responsive Android experience.",AOSP,Inactive,Unknown,650,290,Clean UX,,https://github.com/ProjectRadiant,06-01-2026 14.58
251,Scorpion ROM,https://aitoolbuzz.com/roms/scorpion-rom,https://aitoolbuzz.com/assets/agents/roms/logos/Scorpion_ROM-1d179bd9.jpg,Open-source Android custom firmware,"Scorpion ROM is a custom Android firmware based on open-source Android, focused on stability and device compatibility.",AOSP,Inactive,Unknown,650,310,Open-source firmware,https://scorpionrom.com/,https://github.com/ScorpionRom,06-01-2026 14.58
252,UltimateOS,https://aitoolbuzz.com/roms/ultimateos,https://aitoolbuzz.com/assets/agents/roms/logos/UltimateOS-61c5d444.jpg,AOSP-based Android operating system,"UltimateOS is an Android operating system based on AOSP, aiming to deliver a balanced and stable Android experience.",AOSP,Inactive,India,650,290,Balanced ROM,,https://github.com/UltimateOS,06-01-2026 14.58
253,EverROM,https://aitoolbuzz.com/roms/everrom,,Community-maintained Android custom ROM,"EverROM is an Android custom ROM project focused on stability, performance, and long-term usability.",AOSP,Discontinued,Unknown,650,310,Community ROM,,,06-01-2026 14.58
254,EunoiaOS,https://aitoolbuzz.com/roms/eunoiaos,https://aitoolbuzz.com/assets/agents/roms/logos/EunoiaOS-22ed89d7.png,Visually focused and stable Android OS,EunoiaOS is an Android operating system that prioritizes visual refinement and long-term stability while remaining close to stock Android.,AOSP,Inactive,Indonesia,650,300,Visual polish & stability,,https://github.com/EunoiaOS,06-01-2026 14.58
255,OrionOS,https://aitoolbuzz.com/roms/orionos,https://aitoolbuzz.com/assets/agents/roms/logos/OrionOS-c8395506.jpg,Custom ROM for personalized Android experience,OrionOS is an Android custom ROM project focused on delivering a unique and personalized user experience.,AOSP,Inactive,Indonesia,640,290,Style-focused,,https://github.com/OrionOS-prjkt,06-01-2026 14.58
256,ZeusOS,https://aitoolbuzz.com/roms/zeusos,https://aitoolbuzz.com/assets/agents/roms/logos/ZeusOS-35700ce9.jpg,Lightweight Android custom ROM,"ZeusOS is an Android custom ROM based on AOSP, focused on simplicity, performance, and stability.",AOSP,Inactive,Unknown,640,290,Lightweight,,https://github.com/Zeus-OS,06-01-2026 14.58
257,Chroma ROM,https://aitoolbuzz.com/roms/chroma-rom,,Minimal and colorful Android ROM,Chroma ROM is an AOSP-based Android custom ROM focused on visual polish and smooth system behavior.,AOSP,Discontinued,Unknown,640,300,Minimal UI,,,06-01-2026 14.58
258,Ethereal OS,https://aitoolbuzz.com/roms/ethereal-os,https://aitoolbuzz.com/assets/agents/roms/logos/Ethereal_OS-18431007.png,Secure AOSP-based Android ROM,Ethereal OS is an AOSP-based custom ROM that provides custom features along with the latest Android security updates.,AOSP,Inactive,India,640,280,Security updates focused,,https://github.com/Ethereal-OS,06-01-2026 14.58
259,Halogen OS,https://aitoolbuzz.com/roms/halogen-os,https://aitoolbuzz.com/assets/agents/roms/logos/Halogen_OS-f6bcd36e.png,Minimal and performance-focused AOSP ROM,"Halogen OS is a minimalistic, open-source Android distribution based on AOSP, focused on performance and efficiency.",AOSP,Inactive,Germany,620,240,"Minimal, performance-oriented",https://halogenos.org/,https://github.com/halogenOS,06-01-2026 14.58
260,LessAOSP,https://aitoolbuzz.com/roms/lessaosp,https://aitoolbuzz.com/assets/agents/roms/logos/LessAOSP-7bc22a16.png,Ultra-minimal AOSP-based ROM,LessAOSP is an Android custom ROM that strips Android down to essentials for maximum simplicity and performance.,AOSP (Minimal),Inactive,Unknown,620,260,Stripped-down AOSP,,https://github.com/LessAOSP,06-01-2026 14.58
261,Nusantara Project,https://aitoolbuzz.com/roms/nusantara-project,https://aitoolbuzz.com/assets/agents/roms/logos/Nusantara_Project-34bca513.jpg,Community-driven Android ROM project,Nusantara Project is a community-based Android custom ROM focused on experimentation and regional development efforts.,AOSP,Inactive,Indonesia,620,300,Regional community ROM,https://nusantararom.org/,https://github.com/Nusantara-ROM,06-01-2026 14.58
262,Project Kaleidoscope,https://aitoolbuzz.com/roms/project-kaleidoscope,https://aitoolbuzz.com/assets/agents/roms/logos/Project_Kaleidoscope-1a43ab51.png,Artistic and experimental Android ROM,"Project Kaleidoscope is an Android custom ROM emphasizing creativity, visual diversity, and experimentation.",AOSP,Inactive,Unknown,620,260,Artistic branding,https://kaleidoscope.ink/,https://github.com/Project-Kaleidoscope,06-01-2026 14.58
263,RaveOS,https://aitoolbuzz.com/roms/raveos,https://aitoolbuzz.com/assets/agents/roms/logos/RaveOS-50f68da6.png,Community-driven Android custom ROM,RaveOS is an Android custom ROM project aimed at delivering a smooth and enjoyable AOSP-based experience.,AOSP,Inactive,Unknown,620,260,Community ROM,https://raveos.com/,,06-01-2026 14.58
264,SoniUI,https://aitoolbuzz.com/roms/soniui,https://aitoolbuzz.com/assets/agents/roms/logos/SoniUI-d74f456c.jpg,Custom Android UI-focused ROM,SoniUI is an Android custom ROM focused on UI enhancements and a refined system appearance.,AOSP,Inactive,Unknown,620,260,UI-focused,,https://github.com/XOSP-Reborn,06-01-2026 14.58
265,Voltage OS,https://aitoolbuzz.com/roms/voltage-os,https://aitoolbuzz.com/assets/agents/roms/logos/Voltage_OS-9de0723f.png,Clean and stable Android custom ROM,"Voltage OS is an AOSP-based Android custom ROM designed to deliver stability, smooth performance, and everyday usability.",AOSP,Inactive,Unknown,620,260,Stable daily use,,https://github.com/VoltageOS,06-01-2026 14.58
266,WitAqua,https://aitoolbuzz.com/roms/witaqua,https://aitoolbuzz.com/assets/agents/roms/logos/WitAqua-c107653b.png,AOSP-based Android operating system,WitAqua is an AOSP-based Android custom operating system focused on clean design and stable performance.,AOSP,Inactive,Japan,620,270,Clean ROM,,https://github.com/WitAqua,06-01-2026 14.58
267,DroidX-UI,https://aitoolbuzz.com/roms/droidx-ui,https://aitoolbuzz.com/assets/agents/roms/logos/DroidX_UI-301c0bca.jpg,Feature-rich Android UI experience,DroidX-UI is a custom Android ROM focused on unlocking the true potential of devices through enhanced UI design and added features.,AOSP,Inactive,India,620,260,UI-focused custom ROM,https://droid-x-ui-github-io.vercel.app/,https://github.com/DroidX-UI,06-01-2026 14.58
268,Fork LineageOS,https://aitoolbuzz.com/roms/fork-lineageos,https://aitoolbuzz.com/assets/agents/roms/logos/Fork_LineageOS-94577268.jpg,Community-maintained LineageOS fork,"Fork LineageOS is a LineageOS fork maintained by HyperTeam, offering community-driven builds and modifications.",LineageOS fork,Inactive,Unknown,610,220,Maintained by HyperTeam,,https://github.com/ForkLineageOS,06-01-2026 14.58
269,PalladiumOS,https://aitoolbuzz.com/roms/palladiumos,https://aitoolbuzz.com/assets/agents/roms/logos/PalladiumOS-15bb601f.jpg,Clean AOSP-based Android ROM,"PalladiumOS is an Android custom ROM based on AOSP, aiming to provide a clean, smooth, and stable system experience.",AOSP,Inactive,India,610,260,Clean stock feel,https://palladiumos.com/,https://github.com/Palladium-OS,06-01-2026 14.58
270,AIM ROM,https://aitoolbuzz.com/roms/aim-rom,https://aitoolbuzz.com/assets/agents/roms/logos/AIM_ROM-c497c330.png,Stable and performance-focused LineageOS-based ROM,"AIM ROM is based on LineageOS and focuses on stability, performance, and responsiveness while delivering useful features and a smooth Android experience.",LineageOS-based,Inactive,Unknown,610,260,Stability-focused,https://aimrom.github.io/,https://github.com/AIMROM,06-01-2026 14.58
271,BananaDroid,https://aitoolbuzz.com/roms/bananadroid,https://aitoolbuzz.com/assets/agents/roms/logos/BananaDroid-89c8e1a3.png,Feature-rich Android custom ROM,BananaDroid is an Android custom ROM that blends customization features with performance improvements.,AOSP,Inactive,Indonesia,610,260,Feature-rich,,https://github.com/bananadroid,06-01-2026 14.58
272,FluidOS,https://aitoolbuzz.com/roms/fluid-os,https://aitoolbuzz.com/assets/agents/roms/logos/FluidOS-d52921f7.png,Lightweight AOSP-based Android ROM,"FluidOS is an aftermarket Android custom ROM based on AOSP, designed for smoothness, simplicity, and daily usability.",AOSP,Discontinued,Unknown,600,260,Smooth aftermarket ROM,https://projectfluid.org/,https://github.com/project-fluid,06-01-2026 14.58
273,Krypton Open Source Project,https://aitoolbuzz.com/roms/krypton-osp,https://aitoolbuzz.com/assets/agents/roms/logos/Krypton_Open_Source_Project-fa8b9fa8.jpg,Discontinued AOSP-based ROM,Krypton Open Source Project was an AOSP-based Android ROM that has been discontinued in favor of Flamingo-OS.,AOSP,Discontinued,Unknown,600,230,Replaced by Flamingo-OS,,https://github.com/AOSP-Krypton,06-01-2026 14.58
274,LunarUI,https://aitoolbuzz.com/roms/lunarui,https://aitoolbuzz.com/assets/agents/roms/logos/LunarUI-f57a389c.png,Work-in-progress LineageOS-based ROM,"LunarUI is a work-in-progress Android custom ROM based on LineageOS, focusing on UI refinement and stability.",LineageOS-based,WIP / Inactive,Kazakhstan,600,220,"UI-focused, experimental",,https://github.com/Lunar-UI,06-01-2026 14.58
275,Project 404,https://aitoolbuzz.com/roms/project-404,https://aitoolbuzz.com/assets/agents/roms/logos/Project_404-5de53255.png,Experimental Android custom ROM,Project 404 is an Android custom ROM project aimed at experimentation and creative Android development.,AOSP,Inactive,Unknown,600,240,Experimental,https://project404.xyz/,https://github.com/P-404,06-01-2026 14.58
276,SerasaOS,https://aitoolbuzz.com/roms/serasaos,https://aitoolbuzz.com/assets/agents/roms/logos/SerasaOS-f669fe2f.jpg,Clean AOSP-based Android ROM,"SerasaOS is a custom Android ROM based on AOSP, designed to deliver a smooth and simple Android experience.",AOSP,Inactive,Unknown,600,250,Clean ROM,https://github.com/SerasaOS,https://github.com/SerasaOS,06-01-2026 14.58
277,Halcyon,https://aitoolbuzz.com/roms/halcyon,https://aitoolbuzz.com/assets/agents/roms/logos/Halcyon-0993870f.png,Simple and unique Android distribution,"Halcyon is a minimalist Android distribution that focuses on simplicity, uniqueness, and a refined user experience.",AOSP,Inactive,Unknown,590,210,Simple & unique design,https://hlcyn.co/,https://github.com/halcyonproject,06-01-2026 14.58
278,IronOS Project,https://aitoolbuzz.com/roms/ironos-project,https://aitoolbuzz.com/assets/agents/roms/logos/IronOS_Project-fc70a748.png,Performance-oriented Android ROM,"IronOS Project is a custom Android ROM focused on strength, reliability, and optimized system performance.",AOSP,Inactive,Unknown,580,210,Performance-oriented,,https://github.com/IronOSProject,06-01-2026 14.58
279,Legion OS,https://aitoolbuzz.com/roms/legion-os,https://aitoolbuzz.com/assets/agents/roms/logos/Legion_OS-4674ed6f.jpg,Feature-focused Android custom ROM,Legion OS is a custom Android ROM aimed at delivering a feature-rich yet stable Android experience.,AOSP,Inactive,India,580,200,Feature-focused,http://legionos.tk/,https://github.com/Project-LegionOS,06-01-2026 14.58
280,Codename Lungo,https://aitoolbuzz.com/roms/codename-lungo,,Experimental Android ROM project,Codename Lungo is an experimental Android custom ROM project focused on development and testing.,AOSP,Experimental,Unknown,580,180,Dev/testing ROM,,,06-01-2026 14.58
281,Freaky OS,https://aitoolbuzz.com/roms/freaky-os,https://aitoolbuzz.com/assets/agents/roms/logos/Freaky_OS-f9bb7286.png,Experimental and community-driven ROM,Freaky OS is a custom Android ROM known for its playful branding and continued community-driven experimentation.,AOSP,Inactive,Unknown,560,180,Experimental branding,https://freakyos.me,https://github.com/FreakyOS,06-01-2026 14.58
282,Ion OS,https://aitoolbuzz.com/roms/ion-os,https://aitoolbuzz.com/assets/agents/roms/logos/Ion_OS-ea1a5204.png,Clean AOSP-based Android ROM,"Ion OS is a minimal Android custom ROM based on AOSP, aimed at delivering smooth performance and stability.",AOSP,Inactive,Unknown,560,200,Clean & minimal,,https://github.com/i-o-n,06-01-2026 14.58
283,CAF Extended,https://aitoolbuzz.com/roms/caf-extended,https://aitoolbuzz.com/assets/agents/roms/logos/CAF_Extended-cb6fef14.png,CAF-enhanced AOSP Android ROM,CAF Extended is an AOSP-based Android ROM that integrates CAF optimizations for improved hardware performance.,CAF-based,Discontinued,India,560,200,CAF optimizations,,https://github.com/CAF-Extended,06-01-2026 14.58
284,FusionOS,https://aitoolbuzz.com/roms/fusion-os,https://aitoolbuzz.com/assets/agents/roms/logos/FusionOS-db0fa0cf.png,Clean and balanced Android ROM,"FusionOS is an Android custom ROM designed to fuse performance, stability, and useful features into a clean AOSP-based experience.",AOSP,Discontinued,India,540,160,Balanced ROM concept,,https://github.com/Fusion-OS,06-01-2026 14.58
285,Komodo OS,https://aitoolbuzz.com/roms/komodo-os,https://aitoolbuzz.com/assets/agents/roms/logos/Komodo_OS-5067cf04.png,Smooth and stable Android ROM,"Komodo OS is a custom Android ROM designed to provide a smooth, stable, and reliable AOSP-based experience.",AOSP,Discontinued,Indonesia,540,170,Stable daily-use ROM,https://komodo-os.my.id/,https://github.com/Komodo-OS,06-01-2026 14.58
286,LLuvia OS,https://aitoolbuzz.com/roms/lluvia-os,https://aitoolbuzz.com/assets/agents/roms/logos/LLuvia_OS-329eaf4c.png,Minimal and clean Android custom ROM,"LLuvia OS is a lightweight Android custom ROM focused on minimalism, stability, and smooth system performance.",AOSP,Discontinued,Unknown,540,150,Minimal & clean,,https://github.com/LLuviaOS,06-01-2026 14.58
287,AmogOS Rom,https://aitoolbuzz.com/roms/amogos,https://aitoolbuzz.com/assets/agents/roms/logos/AmogOS_Rom-a6d13567.jpg,LMODroid-based ROM with stock UI,AmogOS is an LMODroid-based ROM that delivers a stock Android UI/UX with added playful features inspired by various open-source projects.,LMODroid-based,Active,Unknown,540,190,Meme-inspired branding,,https://github.com/AmogOS-Rom,06-01-2026 14.58
288,CandyRoms,https://aitoolbuzz.com/roms/candyroms,https://aitoolbuzz.com/assets/agents/roms/logos/CandyRoms-5e9ca53d.png,CAF-based ROM for performance and battery,CandyRoms is an AOSP-based custom ROM with CAF support aimed at improving battery life and system performance.,AOSP + CAF,Discontinued,USA,540,190,Battery optimized,https://candyroms.org/,https://github.com/CandyRoms,06-01-2026 14.58
289,GenesisOS,https://aitoolbuzz.com/roms/genesis-os,https://aitoolbuzz.com/assets/agents/roms/logos/GenesisOS-03676895.png,Minimal and stable Android custom ROM,"GenesisOS is an AOSP-based Android ROM that focuses on delivering a clean, stable, and reliable Android experience.",AOSP,Discontinued,Unknown,520,140,Clean & stable approach,,https://github.com/GenesisOS,06-01-2026 14.58
290,Kang OS,https://aitoolbuzz.com/roms/kang-os,https://aitoolbuzz.com/assets/agents/roms/logos/Kang_OS-af200265.png,Custom Android ROM with enhancements,Kang OS is an Android custom ROM project that focuses on delivering useful enhancements over stock AOSP.,AOSP,Discontinued,Unknown,520,150,Experimental ROM,,https://github.com/Kang-OS-R,06-01-2026 14.58
291,Project Streak,https://aitoolbuzz.com/roms/project-streak,https://aitoolbuzz.com/assets/agents/roms/logos/Project_Streak-ebae99ab.png,Legacy-related Android ROM project,Project Streak is an Android ROM project that redirects users toward TequilaOS for continued development.,AOSP,Discontinued,Poland,520,140,Redirected to TequilaOS,https://projectstreak.pl/,https://github.com/ProjectStreak,06-01-2026 14.58
292,2by2 Project,https://aitoolbuzz.com/roms/2by2-project,https://aitoolbuzz.com/assets/agents/roms/logos/2by2_Project-819fef01.png,A Japan-focused custom Android ROM,"2by2 Project is a custom Android ROM that focuses on Japanese features, preferences, and ecosystem-specific enhancements while maintaining a clean AOSP-based experience.",AOSP,Discontinued,Japan,520,180,Japan-focused ROM,https://project2by2.jp/,https://github.com/2by2-Project,06-01-2026 14.58
293,Benzo ROM,https://aitoolbuzz.com/roms/benzo-rom,https://aitoolbuzz.com/assets/agents/roms/logos/Benzo_ROM-2230bfdd.png,Smooth and optimized Android ROM,"Benzo ROM is a custom Android ROM that focuses on smooth performance, usability, and system optimizations.",AOSP,Discontinued,Unknown,520,160,Smooth UX,,https://github.com/BenzoRom,06-01-2026 14.58
294,Citrus CAF,https://aitoolbuzz.com/roms/citrus-caf,https://aitoolbuzz.com/assets/agents/roms/logos/Citrus_CAF-c11880f4.png,CAF-based Android ROM,Citrus CAF is a CAF-enhanced Android custom ROM designed to deliver optimized performance and stability.,CAF-based,Discontinued,USA,520,180,Performance builds,,https://github.com/Citrus-CAF,06-01-2026 14.58
295,ConquerOS,https://aitoolbuzz.com/roms/conquer-os,https://aitoolbuzz.com/assets/agents/roms/logos/ConquerOS-7eddc98e.jpg,Simple yet powerful CAF-based ROM,ConquerOS is a CAF-based Android custom ROM that balances simplicity with powerful performance features.,CAF-based,Discontinued,Unknown,520,170,CAF performance,,https://github.com/ConquerOS,06-01-2026 14.58
296,elytraOS,https://aitoolbuzz.com/roms/elytraos,https://aitoolbuzz.com/assets/agents/roms/logos/elytraOS-d3cc66bd.jpg,Lightweight and smooth Android ROM,"elytraOS is an Android custom ROM designed to deliver a fast, smooth, and uplifting user experience with a clean AOSP base.",AOSP,Discontinued,Unknown,520,150,"Lightweight, smooth UX",,https://github.com/elytraOS,06-01-2026 14.58
297,HyconOS,https://aitoolbuzz.com/roms/hyconos,https://aitoolbuzz.com/assets/agents/roms/logos/HyconOS-3aa80f49.png,Lightweight and efficient Android ROM,"HyconOS is a custom Android ROM focused on delivering a smooth, lightweight, and efficient AOSP-based experience.",AOSP,Discontinued,India,500,130,Lightweight builds,,https://github.com/HyconOS,06-01-2026 14.58
298,LeOS,https://aitoolbuzz.com/roms/leos,,Lightweight Android custom ROM,"LeOS is a minimal Android ROM based on AOSP, focused on simplicity and everyday usability.",AOSP,Discontinued,Germany,500,130,Lightweight ROM,https://leos-gsi.de/,,06-01-2026 14.58
299,AfterlifeOS,https://aitoolbuzz.com/roms/afterlife-os,https://aitoolbuzz.com/assets/agents/roms/logos/AfterlifeOS-6e51ff95.png,Lightweight AOSP-based ROM with customization,"AfterlifeOS is an Android custom ROM based on AOSP, offering useful customizations while keeping the system lightweight and close to stock Android.",AOSP,Inactive,Indonesia,500,170,Lightweight customization,https://afterlifeos.com/,https://github.com/AfterlifeOS,06-01-2026 14.58
300,AOSDP,https://aitoolbuzz.com/roms/aosdp,https://aitoolbuzz.com/assets/agents/roms/logos/AOSDP-d55e6a78.png,Dark-themed AOSP custom ROM,AOSDP is an AOSP-based Android ROM featuring a fully dark-themed UI and focused on smooth performance.,AOSP,Discontinued,Unknown,500,210,Dark UI theme,,https://github.com/AOSDP,06-01-2026 14.58
301,AuroraDroid,https://aitoolbuzz.com/roms/auroradroid,https://aitoolbuzz.com/assets/agents/roms/logos/AuroraDroid-59faefa3.png,Open-source Android distribution,AuroraDroid is an open-source Android project focused on delivering a clean and transparent Android ecosystem.,AOSP,Experimental,India,500,140,FOSS-aligned,,https://github.com/AuroraDroid,06-01-2026 14.58
302,Cosmic OS,https://aitoolbuzz.com/roms/cosmic-os,https://aitoolbuzz.com/assets/agents/roms/logos/Cosmic_OS-91afd28f.png,Clean Android ROM with modern design,"Cosmic OS is an Android custom ROM that focuses on modern design, stability, and smooth performance.",AOSP,Discontinued,Unknown,500,150,Visual branding,https://cosmic-os.github.io/,https://github.com/Cosmic-OS,06-01-2026 14.58
303,euclidOS,https://aitoolbuzz.com/roms/euclidos,https://aitoolbuzz.com/assets/agents/roms/logos/euclidOS-5a3a197a.jpg,Minimalist AOSP-based Android ROM,"euclidOS is a lightweight Android custom ROM based on AOSP, focused on simplicity, cleanliness, and system stability.",AOSP,Discontinued,India,500,120,Minimalist ROM,,https://github.com/euclidTeam,06-01-2026 14.58
304,Afterlife Project,https://aitoolbuzz.com/roms/afterlife-project,https://aitoolbuzz.com/assets/agents/roms/logos/Afterlife_Project-19f108c3.png,Community-driven AOSP Extended fork,"Afterlife Project is an external fan-maintained version of AOSP Extended, continuing development with community contributions and added refinements.",AOSP Extended fork,Discontinued,Indonesia,480,150,Fan-maintained fork,,https://github.com/AfterLifePrjktAOSP,06-01-2026 14.58
305,BeastROMs,https://aitoolbuzz.com/roms/beastroms,https://aitoolbuzz.com/assets/agents/roms/logos/BeastROMs-4ee20ae0.png,Performance-oriented Android ROM,BeastROMs is a custom Android ROM designed to deliver enhanced performance and usability features.,AOSP,Discontinued,Unknown,480,120,Performance branding,,https://github.com/BeastRoms,06-01-2026 14.58
306,ClownUI,https://aitoolbuzz.com/roms/clownui,https://aitoolbuzz.com/assets/agents/roms/logos/ClownUI-54e0be96.png,Fun and clean AOSP-based ROM,ClownUI is an AOSP-based Android ROM that combines clean design with a fun and lighthearted approach.,AOSP,Discontinued,Indonesia,480,130,Experimental theme,,https://github.com/ClownUI,06-01-2026 14.58
307,Cygnus OS,https://aitoolbuzz.com/roms/cygnus-os,https://aitoolbuzz.com/assets/agents/roms/logos/Cygnus_OS-6dd7b4ea.jpg,Elegant AOSP-based Android ROM,Cygnus OS is a beautiful custom Android ROM focused on UI refinement and stability.,AOSP,Discontinued,Unknown,470,120,UI-focused,https://cygnusos.com/,https://github.com/cygnus-rom,06-01-2026 14.58
308,Atomic OS,https://aitoolbuzz.com/roms/atomic-os,https://aitoolbuzz.com/assets/agents/roms/logos/Atomic_OS-50917ae5.png,Lightweight Android custom ROM,"Atomic OS is a minimal Android custom ROM focused on speed, simplicity, and a near-stock Android experience.",AOSP,Discontinued,Unknown,460,130,Minimal approach,,https://github.com/Atomic-OS,06-01-2026 14.58
309,CatalystOS,https://aitoolbuzz.com/roms/catalyst-os,https://aitoolbuzz.com/assets/agents/roms/logos/CatalystOS-5513d098.jpg,Fast and responsive Android ROM,CatalystOS is a custom Android ROM designed to act as the catalyst for better performance and user experience.,AOSP,Discontinued,India,460,120,Branding-driven,https://catalystos.org/,https://github.com/catalyst-android,06-01-2026 14.58
310,BaikalOS,https://aitoolbuzz.com/roms/baikaloS,https://aitoolbuzz.com/assets/agents/roms/logos/BaikalOS-c5311849.jpg,Minimalist AOSP-based Android ROM,BaikalOS is a lightweight Android custom ROM based on AOSP with an emphasis on minimalism and smooth performance.,AOSP,Discontinued,Russia,450,100,Minimal UI,,https://github.com/baikalos,06-01-2026 14.58
311,Black Iron Project,https://aitoolbuzz.com/roms/black-iron-project,https://aitoolbuzz.com/assets/agents/roms/logos/Black_Iron_Project-11c984a9.jpg,Custom Android ROM with enhancements,Black Iron Project is an Android custom ROM that delivers system enhancements while keeping the experience clean and efficient.,AOSP,Discontinued,Italy,450,110,Experimental,https://github.com/Black-Iron-Project,https://github.com/Black-Iron-Project,06-01-2026 14.58
312,exTHmUI,https://aitoolbuzz.com/roms/exthmui,https://aitoolbuzz.com/assets/agents/roms/logos/exTHmUI-353305b7.png,Discontinued Android custom ROM,exTHmUI was an Android custom ROM project that has been officially discontinued and is no longer actively developed.,AOSP,Discontinued,Unknown,450,90,Officially discontinued,,https://github.com/exthmui,06-01-2026 14.58
313,Aquari OS,https://aitoolbuzz.com/roms/aquari-os,https://aitoolbuzz.com/assets/agents/roms/logos/Aquari_OS-0eb30464.png,Discontinued AOSP-based ROM,"Aquari OS was an AOSP-based custom ROM project that is no longer active, with legacy source code preserved for older Android versions.",AOSP,Discontinued,Unknown,430,120,Archived sources,,https://github.com/AquariOS,06-01-2026 14.58
314,Bianca Project,https://aitoolbuzz.com/roms/bianca-project,https://aitoolbuzz.com/assets/agents/roms/logos/Bianca_Project-0d55d9a8.png,Simple AOSP-based Android ROM,"Bianca Project is a simple and lightweight custom ROM based on AOSP, focusing on essential features and stability.",AOSP,Discontinued,Unknown,430,100,Simple ROM,,https://github.com/BiancaProject,06-01-2026 14.58
315,Cesium OS,https://aitoolbuzz.com/roms/cesium-os,https://aitoolbuzz.com/assets/agents/roms/logos/Cesium_OS-6ebd5404.png,Lightweight Android custom ROM,Cesium OS is an AOSP-based Android ROM focused on delivering a clean and smooth system experience.,AOSP,Discontinued,Unknown,430,90,Minimal,http://thecesiumos.me/,https://github.com/CesiumOS-org,06-01-2026 14.58
316,AmyROM,https://aitoolbuzz.com/roms/amyrom,https://aitoolbuzz.com/assets/agents/roms/logos/AmyROM-19574e46.png,Free and open-source Android ROM,"AmyROM is a free and open-source Android custom ROM that emphasizes openness, simplicity, and community-driven development.",AOSP,Inactive,United Kingdom,420,110,Open-source,,https://github.com/amyROM,06-01-2026 14.58
317,AlrightOS,https://aitoolbuzz.com/roms/alright-os,https://aitoolbuzz.com/assets/agents/roms/logos/AlrightOS-76ecfe31.jpg,Minimal AOSP-based Android ROM,AlrightOS is a lightweight Android custom ROM focused on simplicity and a clean AOSP experience with essential features.,AOSP,Discontinued,Turkey,400,90,Minimal footprint,https://alrightos.xyz/,https://github.com/AlrightAndroid,06-01-2026 14.58
318,BsdkOS,https://aitoolbuzz.com/roms/bsdkos,https://aitoolbuzz.com/assets/agents/roms/logos/BsdkOS-026de06b.jpg,Minimal AOSP-based Android ROM,BsdkOS is a lightweight Android ROM based on AOSP with a focus on performance and stability.,AOSP,Discontinued,India,400,80,Minimal development,,https://github.com/bsdkOS,06-01-2026 14.58
319,PixelDust Project CAF,https://aitoolbuzz.com/roms/pixeldust-project-caf,https://aitoolbuzz.com/assets/agents/roms/logos/pixeldust-project-caf-1767751037.png,PixelDust is a CAF based ROM inspired,PixelDust is a CAF based ROM inspired by the original Google Pixel firmware with support for almost all Pixel features available.,,,,,,,,,
320,TWRP – Team Win Recovery Project,https://aitoolbuzz.com/roms/twrp,https://aitoolbuzz.com/assets/agents/roms/logos/TWRP___Team_Win_Recovery_Project-caadce5c.jpg,Industry-standard Android custom recovery,"TWRP is a widely used custom Android recovery that enables users to install custom ROMs, kernels, and modifications on their devices.",Custom Recovery,Active,Global,980,1000,Industry standard,https://twrp.me/,https://github.com/TeamWin,06-01-2026 14.58
321,Magisk : The Magic Mask for Android,https://aitoolbuzz.com/roms/magisk,https://aitoolbuzz.com/assets/agents/roms/logos/Magisk_Logo.svg,Systemless Android root solution,Magisk is a systemless rooting solution for Android that provides root access while allowing modules and hiding root from apps.,Root Solution,Active,Global,980,1000,Systemless root,,https://github.com/topjohnwu/Magisk,06-01-2026 14.58
